मञ्जूषा,1
इति,1333
कटाक्षयन्,1
आह,131
ज्ञाने,4
अपि,968
स्वीकार्येत्यभिप्रायवान्,1
तयो,6
लक्षणायाम्,1
अन्तर्भावसम्भवात्,1
समवायेन,1
आकाशोपस्थितिसम्भवाद्,1
वाच्यम्,11
वृत्त्या,1
एतत्,10
समवायादिनाऽऽकाशाद्युपस्थिति,1
लक्षणाऽनधीनत्वात्,1
ताम्,3
आदाय,33
अर्थव्यवहारवारणाय,1
वा,229
अन्वयि,1
लक्ष्यस्य,1
अर्थत्वव्यवहारानुरोधेन,1
शक्त्या,1
उक्तम्,67
स्यात्,58
अत,125
सर्वदा,11
असत्त्वे,2
व्यवहारानुपपत्ति,1
अस्ति,257
एव,918
तादृशप्रतिपत्ते,1
लक्षणाऽधीनार्थव्यवहारे,1
वस्तुत,1
तु,360
व्याप्यवृत्तितया,1
इदानीम्,37
इत्यस्य,1
अनन्वयाद्,1
इत्यपि,1
इष्यत,1
मुख्यार्थत्वम्,1
तात्पर्यवत्,1
वृत्तित्वम्,1
विभजते-तत्र,1
पारिभाषिकम्,1
अर्थ,66
लक्ष्यपरिभाषितयो,1
व्यवच्छेदार्थ,1
वाच्यत्वव्यवहारापत्ति,1
अर्थस्य,2
ईश्वरेच्छीया,1
सा,41
कर्तृत्वम्,5
तिङम्,1
अभिप्रेत्य,6
पदम्,22
धात्वर्थीभूता,1
फलस्य,1
आत्मनेपदाद्यर्थत्वात्,1
पातित्वम्,1
तदाश्रयजनकत्वे,1
द्रष्टव्यम्,1
गौ,20
वैपरीत्यम्,2
उच्यत,1
वक्ति,3
इत्यादौ,3
निरूक्तधात्वर्थे,1
अस्य,131
आख्यातादिना,1
साधून्,1
असाधून्,1
निषेधानुपपत्ति,1
एवम्,148
तादृशेच्छया,1
तत्तदर्थविषयकबोधजनकत्वप्रकारकत्वावच्छिन्नेच्छावृत्तिजनकताकभगवदुच्चारणजन्यत्वम्,1
अर्थे,14
प्रकृतिगुणकणेन,1
असंसृष्टरूपे,1
निरवधिरमलप्रीति,1
अस्माकम्,3
आस्ताम्,1
शालिग्रामात्प्रकटिततनु,1
भक्तजीवातपरूप,1
श्रीमद्राधारमणवपुषा,1
आश्वास्य,1
प्रणमामि,1
अहम्,219
किल,6
उच्चावचचराचराञ्चनचुञ्चौ,1
प्रपञ्चे,1
अवान्तरविभागप्रविभागभिन्नानन्तपदार्थसङ्‌कुले,1
मेयसिद्धि,1
मानसिद्धि,1
लक्षणात्,1
विद्वत्,1
वरकृष्णभट्टकृतया,1
विनोदिनीकृता,1
प्रथितै,1
अभीष्टम्,1
श्रीमाधव,1
तार्किक,1
एतद्विभजनम्,1
अनुपपन्नम्,1
मम,77
तत्र,168
भवान्,2
भविष्यति,2
इत्यादिबोधस्य,1
अनुभवसिद्धस्य,1
अनुपपत्ति,28
तज्‌ज्ञानजन्यपदार्थोपस्थिते,1
हेतुतया,1
दुःखनिवृत्ति,1
मुक्ति,7
आचार्या,1
वाक्य,2
अव्याप्तिवारणाय,1
स्वसमानाधिकरण,1
इदानीन्तनदुःखध्वंसे,1
अतिव्याप्तिवारणाय,1
दुःखप्रागभावासमानकालीन,1
दुःखासमानकालीनत्वविशेषण,1
उपादानेन,1
अतिव्याप्तिवारणसंभवे,1
प्रागभावविशेशणेन,1
वैय्यर्थ्य,1
अभावात्,1
देवदेवम्,1
अभिवंद्य,1
तावत्,52
चिकीर्षितग्रन्थस्य,1
भवति,82
अस्मात्,1
जगत:,1
त्रैलोक्यस्य,1
देवेन्द्रादीनाम्,1
जगत्पतित्वम्,1
तत्,326
व्यवच्छेदाय,1
परम्,62
उत्कृष्टम्,2
इत्यर्थ,1
अनन्यप्रेष्यम्,1
वेदेभ्य,1
अखिलं,1
तम्,85
अहं,116
सकृत्,10
नत्वा,1
विघ्नराजम्,1
निर्दिशन्,1
चिकीर्षितं,1
बाल,23
प्रवेशम्,1
अल्पेन,1
वाञ्छति,1
अलस,4
मया,69
एषा,34
अन्यत्र,30
अत्र,189
उभयो,6
तत्प्रतिपाद्यत्वम्,1
अर्थाभ्युपगमे,1
अभ्युपगम्यमाने,1
विनिगमकाभावात्,1
उदुभयो,1
सिद्धान्तत्वम्,1
विकल्पत,1
तल्लक्षणम्,1
द्वितीयादिकम्,1
अभिप्रायेण,1
हेतुवत्,1
आभासमाना,1
धर्मे,1
लक्षणम्,14
अनुमिति,27
इति।,1
सति,14
अनुमित्यभावनियम,1
तादृशं,1
व्याप्तिज्ञानेन,1
अन्यथासिद्धतया,1
असंग्रहापत्तेः।,1
उपाधिज्ञानस्य,1
अतिव्याप्त्यापत्तेः।,1
यथा,51
उक्ते,1
उपाधिज्ञाने,1
व्युत्पत्तिवादपदार्थ,1
"उक्तव्यापारः,",1
तादृशव्यापार,1
अभेद,14
ग्रन्थेन,1
उपयोगितया,1
क्वचित्,19
इत्यादि,28
संबन्धद्वैविध्यम्,1
वक्तुम्,1
उचितम्,14
व,15
असुरवधूहृदयावसाद,1
प्रोद्यत,1
त्रिभुवनक्रमणे,1
इव,179
अम्बरसागरस्य,1
अर्यमिश्रान्,1
विज्ञापयामि,1
भो,7
तात,7
खलु,36
एष,104
शब्द,25
उच्चारणात्,1
केनचित्,1
पापचेतसा,1
पुन,118
नेपथ्ये,1
परिवृत,2
तरुणै,1
ख्याति,1
आसीत्,3
अभवत्,61
तदा,62
श्रोतुम्,1
इच्छामि,2
एतावत्,9
पर्यन्तं,1
शिशु:,1
शिक्षणम्,3
आरब्धम्,2
आगन्तव्यम्,1
अज्ञातवास,1
गमिष्यति,1
स्थातव्यम्,3
स्थागापापच,1
भावे,6
मन्त्रे,5
वृषेषपचमनविदभूवीरा,1
उदात्त,14
ऊतियूतिजूतिसातिहेतिकीर्त्तय,1
व्रजयजो,1
क्यप्,2
संज्ञायाम्,39
समजनिषदनिपतमनविदषुञ्शीङ्भृञिण,1
प्रत्ययात्,3
गुरो,2
हल,9
षिद्भिदादिभ्य,1
अङ्,2
चिन्तिपूजिकथिकुम्बिचर्च,1
आत,16
उपसर्गे,4
ण्यासश्रन्थ,1
युच्,3
रोगाख्यायाम्,1
ण्वुल्,1
बहुलम्,33
विभाषा,49
आख्यानपरिप्रश्नयो,1
इञ्,4
आक्रोशे,4
नञि,1
अनि,1
कृत्यल्युट,1
कर्मणि,16
येन,30
संस्पर्शात्,1
कर्तु,3
शरीरसुखम्,1
करणाधिकरणयो,1
पुंसि,3
घ,8
प्रायेण,1
गोचरसंचरवहव्रजव्यजापणनिगमा,1
अवे,2
तॄस्त्रो,1
घञ्,2
अध्यायन्यायोद्यावसंहारा,1
उदङ्क,1
अनुदके,2
जालम्,1
आनाय,1
खन,1
कर्तृकर्मणो,1
भूकृञो,1
अन्येभ्य,3
दृश्यते,6
वर्तमानसामीप्ये,1
वर्तमानवत्,1
आशंसायाम्,1
भूतवत्,1
अनद्यतनवत्,1
क्रियाप्रबन्धसामीप्ययो,1
मर्यादावचने,1
अवरस्मिन्,1
कालविभागे,1
अनहोरात्राणाम्,1
उताप्यो,2
गर्हायाम्,3
लट्,3
अपिजात्वो,1
अनवकॢप्त्यमर्षयो,1
अकिंवृत्ते,1
जातुयदो,1
लिङ्,7
शेषे,3
लृट्,2
अयदौ,1
समर्थयो,1
कामप्रवेदने,1
अकच्चिति,1
सम्भवाने,1
अलम्,9
चेत्,44
सिद्धाप्रयोगे,1
धातौ,2
सम्भावनवचने,1
अयदि,1
हेतुहेतुमतो,1
इच्छार्थेभ्यो,1
वर्त्तमाने,3
विधिनिमन्त्रणामन्त्रणाधीष्टसम्प्रश्नप्रार्थनेषु,1
प्रैषातिसर्गप्राप्तकालेषु,1
कृत्या,2
ऊर्ध्वमौहूर्तिके,2
अर्हे,1
कृत्यतृच,1
आवश्यकाधमर्ण्ययो,1
णिनि,4
क्रियासमभिहारे,2
लोट्,1
लोट,2
हिस्वौ,1
तध्वमो,1
समुच्चये,1
अन्यतरस्याम्,90
यथाविधि,3
अनुप्रयोग,2
पूर्वस्मिन्,1
उपसंवादाशङ्कयो,1
तुमर्थे,1
सेसेनसेसेन्क्सेकसेनध्यैध्यैन्कध्यैकध्यैन्शध्यैशध्यैन्तवैतवेङ्तवेन,1
भावलक्षणे,1
स्थेण्कृञ्वदिचरिहुतमिजनिभ्य,1
तोसुन्,1
अलङ्खल्वो,1
प्रतिषेधयो,1
प्राचाम्,16
क्त्वा,2
उदीचाम्,6
माङ,1
व्यतीहारे,1
समानकर्त्तृकयो,1
पूर्वकाले,1
यदि,52
अनाकाङ्क्षे,1
अग्रेप्रथमपूर्वेषु,1
कृञ,7
खमुञ्,1
अन्यथैवंकथमित्थंसु,1
सिद्धाप्रयोग,1
यथातथयो,1
असूयाप्रतिवचने,1
वर्षप्रमाणे,1
ऊलोप,1
अन्यतरास्यम्,1
कर्त्रो,1
जीवपुरुषयो,1
नशिवहो,1
कषादिषु,1
उपदंश,1
तृतीयायाम्,1
हिंसार्थानाम्,1
समानकर्मकाणाम्,1
सप्तम्याम्,2
उपपीडरुधकर्ष,1
द्वितीयायाम्,2
स्वाङ्गे,1
अध्रुवे,1
विशिपतिपदिस्कन्दाम्,1
व्याप्यमानासेव्यमानयो,1
नाम्नि,1
आदिशिग्रहो,1
अव्यये,1
अयथाभिप्रेताख्याने,1
क्त्वाणमुलौ,1
तिर्यचि,1
अपवर्गे,1
अन्वचि,1
आनुलोम्ये,2
शकधृषज्ञाग्लाघटरभलभक्रमसहार्हास्त्यर्थेषु,1
तुमुन्,1
पर्याप्तिवचनेषु,1
अलमर्थेषु,1
कर्त्तरि,6
कृत्,5
भव्यगेयप्रवचनीयोपस्थानीयजन्याप्लाव्यापात्या,1
ल,2
अकर्मकेभ्य,1
कृत्यक्तखलर्था,1
आदिकर्मणि,1
क्त,4
गत्यर्थाकर्मकश्लिषशीङ्स्थाऽऽसवसजनरुहजीर्यतिभ्य,1
भीमादय,1
अपादाने,2
ताभ्याम्,2
उणादय,2
अधिकरणे,4
ध्रौव्यगतिप्रत्यवसानार्थेभ्य,1
टित,1
आत्मनेपदानाम्,1
टे,6
थास,1
से,3
लिट,2
तझयो,1
एशिरेच्,1
परस्मैपदानाम्,1
णलतुसुस्थलथुसणल्वमा,1
विद,1
लट,2
ब्रुव,4
पञ्चानाम्,1
आदित,3
लङ्वत्,1
ए,4
उ,7
हि,112
अपित्,2
मे,54
नि,18
आम्,5
एत,4
सवाभ्याम्,1
वामौ,1
आट्,3
उत्तमस्य,2
पित्,1
लेट,1
अडाटौ,1
इत,35
लोप,27
परस्मैपदेषु,3
स,350
नित्यम्,43
ङित,2
तस्थस्थमिपाम्,1
तांतंताम,1
लिङ,2
सीयुट्,1
यासुट्,1
ङित्,2
कित्,2
आशिषि,7
इट,3
अत्,8
झे,1
जुस्,1
लङ,1
शाकटायनस्य,2
द्विष,2
आर्द्धधातुकम्,1
शेष,6
छन्दसि,86
उभयथा,7
अजाद्यत,1
टाप्,1
ऋन्नेभ्य,1
ङीप्,3
उगित,2
वन,1
पाद,2
टप्,1
ऋचि,2
षट्‍स्वस्रादिभ्य,1
अन,9
बहुव्रीहे,3
डप्,1
उभाभ्याम्,1
यञ,1
ष्फ,1
तद्धित,2
कौरव्यमाण्डूकाभ्याम्,1
अपरिमाणबिस्ताचितकम्बल्येभ्य,1
तद्धितलुकि,1
काण्डान्तात्,1
क्षेत्रे,2
पुरुषात्,1
प्रमाणे,1
ऊधस,2
ङीष्,2
संख्याऽव्ययादे,1
दामहायनान्तात्,1
उपधालोपिन,1
संज्ञाछन्दसो,2
केवलमामकभागधेयपापापरसमानार्यकृतसुमङ्गलभेषजात्,1
रात्रे,2
अजसौ,1
अन्तर्वत्पतिवतो,1
नुक्,2
पत्यु,1
न,25
यज्ञसंयोगे,2
सपत्न्यादिषु,1
पूतक्रतो,1
वृषाकप्यग्निकुसितकुसीदानाम्,1
मनो,2
वर्णात्,2
अनुदात्तात्,2
तोपधात्,1
त,5
अन्यत,2
षिद्गौरादिभ्य,1
जानपदकुण्डगोणस्थलभाजनागकालनीलकुशकामुककबरात्,1
वृत्त्यमत्रावपनाकृत्रिमाश्राणास्थौल्यवर्णानाच्छादनायोविकारमैथुनेच्छाकेशवेशेषु,1
शोणात्,1
उत,9
गुणवचनात्,2
बह्वादिभ्य,1
भुव,11
पुंयोगात्,1
आख्यायाम्,1
इन्द्रवरुणभवशर्वरुद्रमृडहिमारण्ययवयवनमातुलाचार्याणाम्,1
आनुक्,1
क्रीतात्,2
करणपूर्वात्,1
क्तात्,2
अल्पाख्यायाम्,1
अन्तोदात्तात्,2
अस्वाङ्गपूर्वपदात्,1
स्वाङ्गात्,4
उपसर्जनात्,1
असंयोगोपधात्,1
नासिकोदरौष्ठजङ्‍घादन्तकर्णशृङ्गात्,1
सहनञ्‍विद्यमानपूर्वात्,1
नखमुखात्,1
दीर्घजिह्वी,1
दिक्पूर्वपदात्,3
सखी,2
अशिश्वी,1
भाषायाम्,5
जाते,5
अस्त्रीविषयात्,1
अयोपधात्,1
पाककर्णपर्णपुष्पफलमूलवालोत्तरपदात्,1
मनुष्यजाते,1
ऊङ्,1
बाह्वन्तात्,1
पङ्गो,1
ऊरूत्तरपदात्,1
औपम्ये,2
संहितशफलक्षणवामादे,1
कद्रुकमण्डल्वो,1
शार्ङ्गरवाद्यञ,1
ङीन्,1
यङ,5
चाप्,1
आवट्यात्,1
यून,2
ति,7
अणिञो,2
अनार्षयो,1
गुरूपोत्तमयो,1
ष्यङ्,1
गोत्रे,7
क्रौड्यादिभ्य,1
दैवयज्ञिशौचिवृक्षिसात्यमुग्रिकाण्ठेविद्धिभ्य,1
समर्थानाम्,1
प्रथमात्,1
प्राक्,18
दीव्यत,1
अण्,41
अश्वपत्यादिभ्य,1
दित्यदित्यादित्यपत्युत्तरपदात्,1
ण्य,5
उत्सादिभ्य,1
अञ्,18
स्त्रीपुंसाभ्याम्,1
नञ्स्नञौ,1
भवनात्,1
द्विगो,5
लुक्,20
अनपत्ये,3
अलुक्,2
अचि,20
फक्फिञो,1
तस्य,21
अपत्यम्,3
एक,17
गोत्रात्,2
यूनि,2
अस्त्रियाम्,6
बाह्वादिभ्य,1
सुधातु,1
अकङ्,1
कुञ्जादिभ्य,1
च्फञ्,1
हरितादिभ्य,1
अञ,1
यञिञो,1
शरद्वच्छुनकदर्भात्,1
भृगुवत्साग्रायणेषु,1
द्रोणपर्वतजीवन्तात्,1
अन्यतरयाम्,2
अनृषि,1
आनन्तर्ये,1
बिदादिभ्य,1
गर्गादिभ्य,1
यञ्,4
मधुबभ्र्वो,1
ब्राह्मणकौशिकयो,1
कपिबोधात्,1
आङ्गिरसे,1
वतण्डात्,1
भर्गात्,1
त्रैगर्ते,1
शिवादिभ्य,1
अवृद्धाभ्य,1
नदीमानुषीभ्य,1
तन्नामिकाभ्य,1
ऋष्यन्धकवृष्णिकुरुभ्य,1
मातु,1
उत्,11
संख्यासम्भद्रपूर्वाया,1
विकर्णशुङ्गच्छगलात्,1
वत्सभरद्वाजात्रिषु,1
पीलाया,1
ढक्,7
मण्डूकात्,1
स्त्रीभ्य,1
अनिञ,1
शुभ्रादिभ्य,1
विकर्णकुषीतकात्,1
काश्यपे,1
भ्रुव,1
वुक्,2
कल्याण्यादीनाम्,1
इनङ्,1
कुलटाया,1
चटकाया,1
ऐरक्,1
गोधाया,1
ढ्रक्,1
आरक्,1
क्षुद्राभ्य,1
पितृष्वसु,1
छण्,2
मातृष्वसु,1
चतुष्पाद्‍भ्य,1
ढञ्,8
गृष्ट्‍यादिभ्य,1
राजश्वशुरात्,1
यत्,227
क्षत्रात्,1
कुलात्,1
ख,8
अपूर्वपदात्,1
यड्‍ढकञौ,1
महाकुलात्,1
अञ्खञौ,1
दुष्कुलात्,1
स्वसु,1
छ,18
भ्रातु,1
व्यत्,1
रेवत्यादिभ्य,1
ठक्,23
वृद्धात्,5
सौवीरेषु,1
फे,1
फाण्टाहृतिमिमताभ्याम्,1
णफिञौ,1
कुर्वादिभ्य,1
सेनान्तलक्षणकारिभ्य,1
कौसल्यकार्मार्याभ्याम्,1
अण,4
द्‍व्यच,4
अगोत्रात्,1
वाकिनादीनाम्,1
कुक्,3
पुत्रान्तात्,1
अवृद्धात्,2
फिन्,1
जातौ,3
अञ्यतौ,1
षुक्,2
पौत्रप्रभृति,1
गोत्रम्,1
अन्यस्मिन्,1
सपिण्डे,1
स्थविरतरे,1
जीवति,5
कुत्सायाम्,1
जनपदशब्दात्,1
क्षत्रियात्,1
साल्वेयगान्धारिभ्याम्,1
द्‍व्यञ्मगधकलिङ्गसूरमसाद्,1
वृद्धेत्कोसलाजादात्,1
ञ्यङ्,1
कुरुणादिभ्य,1
साल्वावयवप्रत्यग्रथकलकूटाश्मकात्,1
कम्बोजात्,1
स्त्रियाम्,8
अवन्तिकुन्तिकुरुभ्य,1
तेन,76
रक्तम्,3
रागात्,1
लाक्षारोचनात्,1
(शकलकर्दमात्),1
लुप्,4
अविशेषे,1
श्रवणाश्वत्थाभ्याम्,1
द्वन्द्वात्,3
दृष्टम्,9
साम,2
वामदेवात्,1
ड्यड्ड्यौ,2
रथ,7
पाण्डुकम्बलात्,1
इनि,8
द्वैपवैयाघ्रात्,1
कौमार,1
अपूर्ववचने,1
उद्धृतम्,1
अमत्रेभ्य,1
स्थण्डिलात्,1
शयितरि,1
व्रते,2
संस्कृतम्,3
भक्षा,2
शूलोखात्,1
दध्न,2
उदश्वित,1
क्षीरात्,1
अस्मिन्,12
पौर्णमासि,1
(संज्ञायाम्),1
आग्रहायण्यश्वत्थात्,1
देवता,1
कस्य,1
इत्,14
शुक्रात्,1
घन्,3
अपोनप्त्रपान्नप्तृभ्याम्,1
महेन्द्रात्,1
घाणौ,1
सोमात्,1
ट्यण्,1
वाय्वृतुपित्रुषस,1
द्यावापृथिवीशुनासीरमरुत्वदग्नीषोमवास्तोष्पतिगृहमेधात्,1
अग्ने,2
कालेभ्य,1
भववत्,2
महाराजप्रोष्ठपदात्,1
ठञ्,18
भिक्षाऽऽदिभ्य,1
गोत्रोक्षोष्ट्रोरभ्रराजराजन्यराजपुत्रवत्समनुष्याजात्,1
वुञ्,14
केदारात्,1
कवचिन,1
ब्राह्मणमाणववाडवात्,1
यन्,2
अनुदात्तादे,2
खण्डिकादिभ्य,1
चरणेभ्य,1
धर्मवत्,1
अचित्तहस्तिधेनो,1
केशाश्वाभ्याम्,1
यञ्छौ,1
पाशादिभ्य,1
य,95
इनित्रकट्यच,1
विषय,16
देशे,8
राजन्यादिभ्य,1
भौरिक्याद्यैषुकार्यादिभ्य,1
विधल्भक्तलौ,1
आदि,19
छन्दस,3
प्रगाथेषु,1
सङ्‍ग्रामे,1
प्रयोजनयोद्धृभ्य,1
अस्याम्,3
प्रहरणम्,2
क्रीडायाम्,2
ण,8
घञ,2
क्रिया,4
ञ,2
अधीते,2
तद्वेद,1
क्रतूक्थादिसूत्रान्तात्,1
क्रमादिभ्य,1
वुन्,7
अनुब्राह्मणात्,1
वसन्तादिभ्य,1
प्रोक्तात्,1
सूत्रात्,1
कोपधात्,4
तन्नाम्नि,1
अदूरभव,1
ओ,6
मतो,4
बह्वजङ्गात्,1
सङ्कलादिभ्य,1
सुवास्त्वादिभ्य,1
वुञ्छण्‍कठजिलशेनिरढञ्ण्ययफक्फिञिञ्ञ्यकक्ठक,1
अरीहणकृशाश्वर्श्यकुमुदकाशतृणप्रेक्षाऽश्मसखिसंकाशबलपक्षकर्णसुतंगमप्रगदिन्वराहकुमुदादिभ्य,1
जनपदे,1
वरणादिभ्य,1
शर्कराया,1
नद्याम्,1
मतुप्,4
मध्वादिभ्य,1
कुमुदनडवेतसेभ्य,1
ड्‍मतुप्,1
नडशादात्,1
वलच्,2
उत्करादिभ्य,1
नडादीनाम्,1
राष्ट्रावारपारात्,1
घखौ,1
ग्रामात्,2
यखञौ,1
कत्त्र्यादिभ्य,1
ढकञ्,1
कुलकुक्षिग्रीवाभ्य,1
श्वास्यलङ्कारेषु,1
नद्यादिभ्य,1
दक्षिणापश्चात्पुरस,1
त्यक्,1
रङ्को,1
अमनुष्ये,3
द्युप्रागपागुदक्प्रतीच,1
कन्थाया,1
अव्ययात्,2
त्यप्,1
ऐषमोह्यःश्वस,1
तीररूप्योत्तरपदात्,1
अञ्ञौ,1
असंज्ञायाम्,8
मद्रेभ्य,1
उदीच्यग्रामात्,1
बह्वच,5
प्रस्थोत्तरपदपलद्यादिकोपधात्,1
कण्वादिभ्य,1
इञ,2
प्राच्यभरतेषु,1
भवत,4
ठक्छसौ,1
काश्यादिभ्य,1
ठञ्ञिठौ,1
वाहीकग्रामेभ्य,1
उशीनरेषु,2
धन्वयोपधात्,1
प्रस्थपुरवहान्तात्,1
जनपदतदवध्यो,1
बहुवचनविषयात्,1
धूमादिभ्य,1
नगरात्,1
कुत्सनप्रावीण्ययो,1
अरण्यात्,1
मनुष्ये,2
कच्छादिभ्य,1
मनुष्यतत्स्थयो,1
अपदातौ,1
साल्वात्,1
गोयवाग्वो,1
गर्तोत्तरपदात्,1
गहादिभ्य,1
कटादे,1
अकेकान्तखोपधात्,1
पर्वतात्,1
कृकणपर्णात्,1
भारद्वाजे,1
युष्मदस्मदो,4
खञ्,4
तस्मिन्,2
अणि,4
युष्माकास्माकौ,1
तवकममकौ,1
एकवचने,2
अर्धात्,3
परावराधमोत्तमपूर्वात्,1
ग्रामजनपदैकदेशात्,1
अञ्ठञौ,1
मध्यात्,2
म,8
द्वीपात्,1
अनुसमुद्रम्,1
कालात्,4
निशाप्रदोषाभ्याम्,1
श्वस,2
तुट्,2
संधिवेलाऽऽद्यृतुनक्षत्रेभ्य,1
प्रावृष,3
एण्य,1
वर्षाभ्य,1
वसन्तात्,1
हेमन्तात्,1
सर्वत्र,10
तलोप,1
सायंचिरम्प्राह्णेप्रगेऽव्ययेभ्य,1
ट्युट्युलौ,1
ठप्,1
शरद,1
पूर्वाह्णापराह्णार्द्रामूलप्रदोषावस्करात्,1
अमावास्याया,1
सिन्ध्वपकराभ्याम्,1
कन्,6
श्रविष्ठाफल्गुन्यनुराधास्वातितिष्यपुनर्वसुहस्तविशाखाऽषाढाबहुलात्,1
स्थानान्तगोशालखरशालात्,1
वत्सशालाऽभिजिदश्वयुक्छतभिषज,1
नक्षत्रेभ्य,1
उपजानूपकर्णोपनीवे,1
कोशात्,1
साधुपुष्प्यत्पच्यमानेषु,1
आश्वयुज्या,1
ग्रीष्मवसन्तात्,1
देयम्,4
ऋणे,3
कलाप्यश्वत्थयवबुसात्,1
ग्रीष्मावरसमात्,1
संवत्सराग्रहायणीभ्याम्,1
सोढम्,1
दिगादिभ्य,1
शरीरावयवात्,2
दृतिकुक्षिकलशिवस्त्यस्त्यहे,1
ग्रीवाभ्य,1
गम्भीरात्,1
ञ्य,8
अव्ययीभावात्,1
अन्तःपूर्वपदात्,1
पर्यनुपूर्वात्,1
जिह्वामूलाङ्‍गुले,1
वर्गान्तात्,1
अशब्दे,2
यत्खौ,3
कर्णललाटात्,1
अलङ्कारे,1
व्याख्याने,1
व्याख्यातव्यनाम्न,1
अन्तोदात्ताट्ठञ्,1
क्रतुयज्ञेभ्य,1
अध्यायेषु,1
ऋषे,1
यदणौ,1
द्‍व्यजृद्‍ब्राह्मणर्क्प्रथमाध्वरपुरश्चरणनामाख्यातात्,1
ऋगयनादिभ्य,1
आयस्थानेभ्य,1
शुण्डिकादिभ्य,1
विद्यायोनिसंबन्धेभ्य,1
ऋत,13
पितु,1
अङ्कवत्,1
हेतुमनुष्येभ्य,1
रूप्य,1
विदूरात्,1
गच्छति,14
पथिदूतयो,1
शिशुक्रन्दयमसभद्वन्द्वेन्द्रजननादिभ्य,1
निवास,1
अभिजन,1
आयुधजीविभ्य,1
पर्वते,1
शण्डिकादिभ्य,1
सिन्धुतक्षशिलाऽऽदिभ्य,1
अणञौ,3
तूदीशलातुरवर्मतीकूचवारात्,1
ढक्छण्ढञ्यक,1
अचित्तात्,1
अदेशकालात्,2
महाराजात्,1
वासुदेवार्जुनाभ्याम्,1
गोत्रक्षत्रियाख्येभ्य,1
जनपदिनाम्,1
जनपदवत्,1
सर्वम्,14
जनपदेन,1
समानशब्दानाम्,1
बहुवचने,3
तित्तिरिवरतन्तुखण्डिकोखात्,1
काश्यपकौशिकाभ्याम्,1
ऋषिभ्याम्,1
कलापिवैशम्पायनान्तेवासिभ्य,1
शौनकादिभ्य,1
कठचरकात्,1
कलापिन,1
छगलिन,1
ढिनुक्,1
पाराशर्यशिलालिभ्याम्,1
भिक्षुनटसूत्रयो,1
कर्मन्दकृशाश्वात्,1
एकदिक्,1
तसि,2
उरस,4
कुलालादिभ्य,1
क्षुद्राभ्रमरवटरपादपात्,1
इदम्,126
रथात्,1
पत्त्रपूर्वात्,1
पत्त्राध्वर्युपरिषद,1
हलसीरात्,2
वैरमैथुनिकयो,1
गोत्रचरणात्,2
संघाङ्कलक्षणेषु,1
अञ्यञिञाम्,1
शाकलात्,1
छन्दोगौक्थिकयाज्ञिकबह्‍वृचनटात्,1
रैवतिकादिभ्य,1
कौपिञ्जलहास्तिपदात्,1
आथर्वणिकस्येकलोप,1
बिल्वादिभ्य,1
पलाशादिभ्य,1
शम्या,1
ट्लञ्,1
मयट्,2
एतयो,2
अभक्ष्याच्छादनयो,1
वृद्धशरादिभ्य,1
गो,2
पुरीषे,1
पिष्टात्,1
तिलयवाभ्याम्,1
उत्वद्वर्द्‍ध्रबिल्वात्,1
तालादिभ्य,1
प्राणिरजतादिभ्य,1
ञित,1
तत्प्रत्ययात्,1
क्रीतवत्,1
परिमाणात्,1
उष्ट्रात्,1
उमोर्णयो,1
एण्या,1
गोपयसो,1
द्रो,1
प्लक्षादिभ्य,1
जम्ब्वा,1
हरीतक्यादिभ्य,1
कंसीयपरशव्ययो,1
यञञौ,1
वहते,1
कुलत्थकोपधात्,1
गोपुच्छात्,1
नौद्‍व्यच,1
ठन्,6
श्वगणात्,1
वेतनादिभ्य,1
वस्नक्रयविक्रयात्,1
आयुधात्,1
हरति,2
उत्सङ्गादिभ्य,1
विवधवीवधात्,1
निर्वृत्ते,1
अक्षद्यूतादिभ्य,1
क्‍त्रे,1
मप्,1
अपमित्ययाचिताभ्याम्,1
कक्कनौ,1
चूर्णात्,1
लवणात्,2
मुद्गात्,1
व्यञ्जनै,1
उपसिक्ते,1
ओजःसहोम्भसा,1
वर्तते,2
प्रत्यनुपूर्वम्,1
ईपलोमकूलम्,1
परिमुखम्,1
कुसीददशैकादशात्,1
ष्ठन्ष्ठचौ,1
शब्ददर्दुरम्,1
करोति,6
परिपन्थम्,1
तिष्ठति,2
माथोत्तरपदपदव्यनुपदम्,1
धावति,1
आक्रन्दात्,1
पदोत्तरपदम्,1
गृह्णाति,1
प्रतिकण्ठार्थललामम्,1
धर्मम्,1
चरति,4
प्रतिपथम्,1
एति,11
परिषद,2
सेनाया,1
ललाटकुक्‍कुट्यौ,1
पश्यति,4
पण्यम्,1
शलालुन,1
मड्‍डुकझर्झरात्,1
परश्वधात्,1
शक्तियष्ट्‍यो,1
ईकक्,2
अस्तिनास्तिदिष्टम्,1
मति,2
छत्रादिभ्य,1
कर्म,24
अध्ययने,2
वृत्तम्,6
बह्वच्पूर्वपदात्,1
ठच्,3
हितम्,6
अस्मै,1
दीयते,3
नियुक्तम्,1
श्राणामांसौदनात्,1
टिठन्,2
भक्तात्,2
अगारान्तात्,1
अध्यायिनि,1
हितात्,1
द्वहति,1
रथयुगप्रासङ्गम्,1
धुर,1
यड्‍ढकौ,1
सर्वधुरात्,1
एकधुरात्,1
शकटात्,1
जन्या,1
विध्यति,2
अधनुषा,1
धनगणम्,1
लब्धा,3
अन्नात्,2
वशम्,4
गत,5
दृश्यम्,4
मूलम्,5
आबर्हि,1
धेनुष्या,1
नौवयोधर्मविषमूलमूलसीतातुलाभ्य,1
तार्यतुल्यप्राप्यवध्यानाम्यसमसमितसम्मितेषु,1
धर्मपथ्यर्थन्यायात्,1
अनपेते,1
निर्मिते,1
बन्धने,2
ऋषौ,2
मतजनहलात्,1
करणजल्पकर्षेषु,1
कथाऽऽदिभ्य,1
गुडादिभ्य,1
पथ्यतिथिवसतिस्वपते,1
सभाया,1
ढ,4
समानोदरे,1
शयित,2
सोदरात्,1
पाथोनदीभ्याम्,1
ड्यण्,1
वेशन्तहिमवद्‍भ्याम्,1
स्रोतस,1
सगर्भसयूथसनुतात्,1
तुग्रात्,1
अग्रात्,1
समुद्राभ्रात्,1
रक्षोयातूनाम्,1
हननी,1
मायायाम्,1
तद्वान्,1
आसाम्,1
उपधान,1
मन्त्र,2
इष्टकासु,1
अश्विमान्,1
वयस्यासु,1
मूर्ध्न,2
मधो,1
ओजस,1
अहनि,1
वेशोयशआदे,1
भगात्,1
यल्,1
पूर्वै,2
कृतम्,23
इनियौ,1
सोमम्,3
अर्हति,5
नक्षत्रात्,2
सर्वदेवात्,1
तातिल्,1
उगवादिभ्य,1
कम्बलात्,1
खलयवमाषतिलवृषब्रह्मण,1
अजाविभ्याम्,1
थ्यन्,1
आत्मन्विश्वजनभोगोत्तरपदात्,1
सर्वपुरुषाभ्याम्,1
णढञौ,1
माणवचरकाभ्याम्,1
तदर्थम्,1
विकृते,1
प्रकृतौ,1
ऋषभोपानहो,1
चर्म्मण,1
परिखाया,1
वते,1
अर्हात्,1
अगोपुच्छसंख्यापरिमाणात्,1
शतात्,1
ठन्यतौ,1
अशते,1
वतो,2
इट्,10
विंशतित्रिंशद्‍भ्याम्,1
ड्‍वुन्,1
कंसात्,1
शूर्पात्,1
शतमानविंशतिकसहस्रवसनात्,1
अध्यर्धपूर्वद्विगो,1
द्वित्रिपूर्वात्,2
निष्कात्,2
बिस्तात्,1
विंशतिकात्,1
खार्या,1
ईकन्,1
पणपादमाषशतात्,1
शाणात्,1
निमित्तम्,6
संयोगोत्पातौ,1
गोद्‍व्यच,1
असंख्यापरिमाणाश्वादे,1
पुत्रात्,1
सर्वभूमिपृथिवीभ्याम्,1
इश्वर,1
विदित,3
लोकसर्वलोकात्,1
वृद्ध्यायलाभशुल्कोपदा,1
पूरणार्धात्,1
भागात्,1
तद्,6
वहति,4
आवहति,1
भारात्,1
वंशादिभ्य,1
वस्नद्रव्याभ्याम्,1
ठन्कनौ,1
सम्भवति,1
अवहरति,1
पचति,3
आढकाचितपात्रात्,1
ष्ठन्,1
कुलिजात्,1
लुक्खौ,1
अंशवस्नभृतय,1
परिमाणम्,4
संख्याया,4
संज्ञासङ्‍घसूत्राध्ययनेषु,1
सप्तन,1
त्रिंशच्चत्वारिंशतो,1
ब्राह्मणे,1
डण्,1
छेदादिभ्य,1
शीर्षच्छेदात्,1
पात्रात्,1
कडङ्गरदक्षिणात्,1
यज्ञर्त्विग्भ्याम्,1
घखञौ,1
पारायणतुरायणचान्द्रायणम्,1
वर्तयति,1
संशयम्,3
आपन्न,4
योजनम्,3
पन्थ,1
उत्तरपथेन,1
आहृतम्,1
अधीष्ट,1
भृत,1
भूत,5
भावी,3
मासात्,1
वयसि,3
यत्खञौ,1
यप्,2
षण्मासात्,1
ण्यत्,2
अवयसि,1
रात्र्यहस्संवत्सरात्,1
वर्षात्,1
वत्सरान्तात्,1
सम्परिपूर्वात्,1
ब्रह्मचर्यम्,2
कार्यम्,5
व्युष्टादिभ्य,1
यथाकथाचहस्ताभ्याम्,1
णयतौ,1
कर्मवेषात्,1
योगात्,2
कर्मण,8
उकञ्,1
समय,13
प्राप्तम्,1
ऋतो,2
विशाखाऽऽषाढात्,1
मन्थदण्डयो,1
अनुप्रवचनादिभ्य,1
समापनात्,1
सपूर्वपदात्,1
आकालिकट्,1
आद्यन्तवचने,1
तुल्यम्,1
वति,1
अर्हम्,1
उपसर्गात्,11
धात्वर्थे,1
भाव,12
त्वतलौ,1
त्वात्,1
नञ्पूर्वात्,1
तत्पुरुषात्,2
अचतुरसंगतलवणवटयुधकतरसलसेभ्य,1
पृथ्वादिभ्य,1
इमनिच्,1
स्तेनात्,1
नलोप,3
सख्यु,2
कपिज्ञात्यो,1
पत्यन्तपुरोहितादिभ्य,1
यक्,3
प्राणभृज्जातिवयोवचनोद्गात्रादिभ्य,1
हायनान्तयुवादिभ्य,1
इगन्तात्,1
लघुपूर्वात्,2
योपधात्,1
गुरूपोत्तमात्,1
द्वन्द्वमनोज्ञादिभ्य,1
श्लाघाऽत्याकारतदवेतेषु,1
होत्राभ्य,1
ब्रह्मण,5
त्व,1
धान्यानाम्,1
भवने,1
व्रीहिशाल्यो,1
यवयवकषष्टिकात्,1
यथामुखसम्मुखस्य,1
दर्शन,1
सर्वादे,1
पथ्यङ्गकर्मपत्रपात्रम्,1
व्याप्नोति,1
आप्रपदम्,1
प्राप्नोति,1
अनुपदसर्वान्नायानयम्,1
बद्धाभक्षयतिनेयेषु,1
परोवरपरम्परपुत्रपौत्रम्,1
अनुभवति,7
अवारपारात्यन्तानुकामम्,1
गामी,1
समांसमाम्,1
विजायते,1
अद्यश्वीन,1
अवष्टब्धे,1
अनुगु,1
अलंगामी,1
अध्वन,2
अभ्यमित्रात्,1
गोष्ठात्,1
भूतपूर्वे,1
अश्वस्य,1
एकाहगम,1
साप्तपदीनम्,1
सख्यम्,3
हैयङ्गवीनम्,1
वित्त,2
चुञ्चुप्चणपौ,1
विनञ्भ्याम्,1
नानाञौ,1
नसह,1
सम्प्रोद,1
कटच्,1
अवात्,3
कुटारच्,1
नते,1
नासिकाया,2
टीटञ्नाटज्भ्राटच,1
ने,4
बिडज्बिरीसचौ,1
उपाधिभ्याम्,1
त्यकन्,1
आसन्नारूढयो,1
घट,67
अठच्,1
संजातम्,1
तारकाऽऽदिभ्य,1
इतच्,1
पुरुषहस्तिभ्याम्,1
यत्तदेतेभ्य,1
परिमाणे,2
वतुप्,1
किमिदम्भ्याम्,1
अवयवे,1
तयप्,1
द्वित्रिभ्याम्,4
तयस्य,1
अयच्,1
उभात्,1
अधिकम्,19
दशान्तात्,1
ड,2
शदन्तविंशते,1
गुणस्य,1
निमाने,1
नान्तात्,1
असङ्‍ख्यादे,1
मट्,1
थट्,1
षट्कतिकतिपयचतुराम्,1
थुक्,2
बहुपूगगणसङ्‍घस्य,1
तिथुक्,1
इथुक्,1
द्वे,5
तीय,1
विंशत्यादिभ्य,1
तमट्,1
शतादिमासार्धमाससंवत्सरात्,1
षष्ट्‍यादे,1
आसङ्‍ख्याऽऽदे,1
मतौ,2
सूक्तसाम्नो,1
अध्यायानुवाकयो,1
विमुक्तादिभ्य,1
गोषदादिभ्य,1
धनहिरण्यात्,1
कामे,1
उदरात्,1
आद्यूने,1
अंशम्,1
हारी,1
तन्त्रात्,1
अचिरापहृते,1
शीतोष्णाभ्याम्,1
कारिणि,1
पार्श्वेन,1
अन्विच्छति,1
अयःशूलदण्डाजिनाभ्याम्,1
ठक्ठञौ,1
तावतिथम्,1
ग्रहणम्,9
एषाम्,3
ग्रामणी,1
शृङ्‍खलम्,1
बन्धनम्,2
करभे,1
उत्क,1
उन्मना,1
कालप्रयोजनात्,1
रोगे,1
अन्नम्,3
प्राये,1
कुल्माषात्,1
श्रोत्रियन्,1
छन्द,1
श्राद्धम्,1
अनेन,56
भुक्तम्,1
इनिठनौ,2
पूर्वात्,1
सपूर्वात्,1
इष्टादिभ्य,1
अनुपदी,1
अन्वेष्टा,1
साक्षात्,13
द्रष्टरि,1
इन्द्रियम्,1
इन्द्रलिङ्गम्,1
इन्द्रदृष्टम्,1
इन्द्रसृष्टम्,1
इन्द्रजुष्टम्,1
इन्द्रदत्तम्,1
रसादिभ्य,1
प्राणिस्थात्,2
लच्,1
सिध्मादिभ्य,1
वत्सांसाभ्याम्,1
कामबले,1
फेनात्,1
इलच्,2
प्रज्ञाश्रद्धाऽर्चावृत्तिभ्य,1
तपःसहस्राभ्याम्,1
विनीनी,1
सिकताशर्कराभ्याम्,1
दन्त,2
उन्नत,3
उरच्,1
ऊषसुषिमुष्कमध,1
र,8
द्युद्रुभ्याम्,1
केशात्,1
गाण्ड्यजगात्,1
काण्डाण्डात्,1
ईरन्नीरचौ,1
रजःकृष्यासुतिपरिषद,1
दन्तशिखात्,1
व्रीह्यादिभ्य,1
तुन्दादिभ्य,1
एकगोपूर्वात्,1
शतसहस्रान्तात्,1
रूपात्,1
आहतप्रशंसयो,1
अस्मायामेधास्रज,1
विनि,1
ऊर्णाया,1
युस्,2
वाच,2
ग्मिनि,1
स्वामिन्,1
ऐश्वर्ये,2
अर्शआदिभ्य,1
अच्,7
द्वन्द्वोपतापगर्ह्यात्,1
वातातिसाराभ्याम्,1
पूरणात्,2
सुखादिभ्य,1
धर्मशीलवर्णान्तात्,1
हस्तात्,2
ब्रह्मचारिणि,1
पुष्करादिभ्य,1
बलादिभ्य,1
मन्माभ्याम्,1
कंशंभ्याम्,1
बभयुस्तितुतयस,1
तुन्दिवलिवटे,1
भ,1
अहंशुभमो,1
दिश,3
विभक्ति,11
किंसर्वनामबहुभ्य,1
अद्‍व्यादिभ्य,1
इदम,6
इश्,1
एतद,2
अन्,14
सर्वस्य,1
दि,1
पञ्चम्या,4
तसिल्,1
तसे,1
पर्यभिभ्याम्,1
सप्तम्या,2
त्रल्,1
ह,7
किम,2
इतराभ्य,1
दृश्यन्ते,3
र्हिल्,2
दानीम्,1
तद,1
दा,1
दार्हिलौ,1
च्छन्दसि,1
अनद्यतने,1
सद्य,4
परुत्परार्यैषम,1
परेद्यव्यद्यपूर्वेद्यु,1
अन्येद्यु,1
अन्यतरेद्यु,1
इतरेद्यु,1
अपरेद्यु,3
अधरेद्यु,1
उभयेद्यु,1
उत्तरेद्यु,1
थमु,1
था,1
हेतौ,4
दिक्‌शब्देभ्य,1
सप्तमीपञ्चमीप्रथमाभ्य,1
दिग्देशकालेषु,1
अस्ताति,1
दक्षिणोत्तराभ्याम्,1
अतसुच्,1
अञ्चे,4
पश्च,1
पश्चा,1
उत्तराधरदक्षिणात्,1
आति,2
एनप्,1
अदूरे,1
अपञ्चम्या,2
दक्षिणात्,1
आच्,1
उत्तरात्,1
पूर्वाधरावराणाम्,1
असि,46
पुरधव,1
अवरस्य,1
विधाऽर्थे,1
धा,2
एकात्,3
ध,4
ध्यमुञ्,1
अन्यारयाम्,1
द्वित्र्यो,1
धमुञ्,1
याप्ये,1
पाशप्,1
भागे,1
तीयात्,1
एकादशभ्य,1
अच्छन्दसि,1
षष्ठाष्टमाभ्याम्,1
आकिनिच्,1
असहाये,1
तिङ,4
अजादी,1
अन्तिकबाढयो,1
नेदसाधौ,1
युवाल्पयो,1
विन्मतो,1
प्रशंसायाम्,2
रूपप्,1
सुप,2
बहुच्,1
पुरस्तात्,3
प्रकारवचने,1
जातीयर्,1
इवात्,1
क,92
अव्ययसर्वनाम्नाम्,1
अकच्,1
नीतौ,1
तद्युक्तात्,2
मनुष्यनाम्न,1
उपादे,1
अडज्वुचौ,1
अजिनान्तस्य,1
उत्तरपदलोप,1
ठाजादौ,1
ऊर्ध्वम्,1
द्वितीयात्,1
अच,12
शेवलसुपरिविशालवरुणार्यमादीनाम्,1
तृतीयात्,1
कुटीशमीशुण्डाभ्य,1
कासूगोणीभ्याम्,1
ष्टरच्,1
वत्सोक्षाश्वर्षभेभ्य,1
तनुत्वे,1
किंयत्तद,1
निर्द्धारणे,1
द्वयो,1
एकस्य,3
डतरच्,1
बहूनाम्,2
जातिपरिप्रश्ने,1
डतमच्,1
जीविकाऽर्थे,1
अपण्ये,1
देवपथादिभ्य,1
वस्ते,1
शिलाया,1
शाखाऽऽदिभ्य,1
द्रव्यम्,15
भव्ये,1
कुशाग्रात्,1
समासात्,1
तद्विषयात्,1
शर्कराऽऽदिभ्य,1
अङ्‍गुल्यादिभ्य,1
एकशालाया,1
कर्कलोहितात्,1
पूगात्,1
अग्रामणीपूर्वात्,1
व्रातच्फञो,1
आयुधजीविसङ्‍घात्,1
ञ्यट्,1
वाहीकेषु,1
अब्राह्मणराजन्यात्,1
वृकात्,1
टेण्यण्,1
दामन्यादित्रिगर्तषष्ठात्,1
पर्श्वादियौधेयादिभ्याम्,1
अभिजिद्विदभृच्छालावच्छिखावच्छमीवदूर्णावच्छ्रुमदण,1
ञ्यादय,1
तद्राजा,1
पादशतस्य,1
संख्याऽऽदे,1
वीप्सायाम्,2
दण्डव्यवसर्गयो,1
अनत्यन्तगतौ,1
बृहत्या,1
आच्छादने,2
अषडक्षाशितङ्‍ग्वलंकर्मालम्पुरुषाध्युत्तरपदात्,1
अदिक्स्त्रियाम्,1
जात्यन्तात्,1
बन्धुनि,1
स्थानान्तात्,1
सस्थानेन्,1
किमेत्तिङव्ययघात्,1
आमु,1
अद्रव्यप्रकर्षे,1
अमु,1
अनुगादिन,1
णच,1
इनुण,1
विसारिण,1
मत्स्ये,1
बहो,4
अविप्रकृष्टकाले,1
समूहवत्,1
बहुषु,2
अनन्तावसथेतिहभेषजात्,1
देवतान्तात्,1
तादर्थ्ये,1
पादार्घाभ्याम्,1
अतिथे,1
लोहितात्,1
मणौ,1
वर्णे,1
अनित्ये,3
विनयादिभ्य,1
व्याहृतार्थायाम्,1
ओषधे,2
अजातौ,4
प्रज्ञादिभ्य,1
मृद,1
तिकन्,1
वृकज्येष्ठाभ्याम्,1
तिल्तातिलौ,1
बह्वल्पार्थात्,1
शस्,1
कारकात्,2
सङ्‍ख्यैकवचनात्,1
प्रतियोगे,1
अहीयरुहो,1
अतिग्रहाव्यथनक्षेपेषु,1
अकर्तरि,1
तृतीयाया,3
हीयमानपापयोगात्,1
षष्ठ्या,1
व्याश्रये,1
रोगात्,1
अपनयने,1
अरुर्मनश्चक्षुश्चेतोरहोरजसाम्,1
देवमनुष्यपुरुषमर्त्येभ्य,1
द्वितीयासप्तम्यो,1
अव्यक्तानुकरणात्,1
द्‍व्यजवरार्धात्,1
अनितौ,1
डाच्,1
द्वितीयतृतीयशम्बबीजात्,1
कृषौ,1
सङ्‍ख्याया,1
गुणान्ताया,1
समयात्,1
यापनायाम्,1
सपत्रनिष्पत्रात्,1
अतिव्यथने,1
निष्कुलात्,1
निष्कोषणे,1
सुखप्रियात्,1
दुःखात्,1
प्रातिलोम्ये,1
शूलात्,1
पाके,2
सत्यात्,1
अशपथे,1
मद्रात्,1
परिवापणे,1
पूजनात्,2
नञ,4
पथ,1
बहुव्रीहौ,6
संख्येये,2
डच्,1
अबहुगणात्,1
ऋक्पूरप्धूःपथाम्,1
अनक्षे,1
प्रत्यन्ववपूर्वात्,1
सामलोम्न,1
अक्ष्ण,1
अदर्शनात्,1
अवसमन्धेभ्य,1
तमस,1
वसीयःश्रेयस,1
अन्ववतप्तात्,1
रहस,1
प्रते,4
सप्तमीस्थात्,1
अनुगवम्,1
आयामे,1
तत्पुरुषस्य,1
अङ्‍गुले,3
सङ्‍ख्याऽव्ययादे,1
अहस्सर्वैकदेशसंख्यातपुण्यात्,1
अह्न,4
एतेभ्य,1
सङ्‍ख्याऽऽदे,1
समाहारे,2
उत्तमैकाभ्याम्,1
राजाऽहस्सखिभ्य,1
टच्,1
अतद्धितलुकि,1
अग्राख्यायाम्,1
अश्मायस्सरसाम्,1
जातिसंज्ञयो,1
ग्रामकौटाभ्याम्,1
तक्ष्ण,1
उपमानात्,3
अप्राणिषु,4
उत्तरमृगपूर्वात्,1
सक्थ्‍न,1
नाव,1
अञ्जले,1
अनसन्तात्,1
नपुंसकात्,4
जानपदाख्यायाम्,1
कुमहद्‍भ्याम्,1
चुदषहान्तात्,1
गिरे,1
सेनकस्य,1
सक्थ्यक्ष्णो,1
षच्,1
दारुणि,1
अन्तर्बहिर्भ्याम्,1
लोम्न,1
नसम्,1
अस्थूलात्,1
नञ्दुःसुभ्य,1
हलिसक्थ्यो,1
असिच्,1
प्रजामेधयो,1
बहुप्रजा,1
धर्मात्,1
अनिच्,1
केवलात्,1
द्विदण्ड्यादिभ्य,1
प्रसम्भ्याम्,1
जानुनो,1
ज्ञु,1
अनङ्,2
धनुष,1
जायाया,1
निङ्,1
गन्धस्य,1
उत्पूतिसुसुरभिभ्य,1
पादस्य,2
अहस्त्यादिभ्य,1
अग्रान्तशुद्धशुभ्रवृषवराहेभ्य,1
ककुदस्य,1
अवस्थायाम्,2
उद्विभ्याम्,2
काकुदस्य,1
पूर्णात्,1
उरःप्रभृतिभ्य,1
कप्,2
नद्यृत,1
शेषात्,1
ईयस,2
निष्प्रवाणि,1
एकाच,6
प्रथमस्य,1
अजादे,1
द्वितीयस्य,1
पूर्व,5
अभ्यास,2
जक्ष्,1
इत्यादय,1
षट्,7
तुजादीनाम्,1
दीर्घ,14
अभ्यासस्य,7
लिटि,13
धातो,11
अनभ्यासस्य,1
ष्यङ,1
सम्प्रसारणम्,3
पुत्रपत्यो,1
तत्पुरुषे,4
वचिस्वपियजादीनाम्,1
किति,5
ग्रहिज्यावयिव्यधिवष्टिविचतिवृश्चतिपृच्छतिभृज्जतीनाम्,1
ङिति,2
उभयेषाम्,1
स्वापे,1
चङि,4
स्वपिस्यमिव्येञाम्,1
यङि,4
अभ्यवपूर्वस्य,1
शृतम्,1
लिड्यङो,1
अपस्पृधेथाम्,1
आनृचु,1
आनृहु,1
चिच्युषे,1
तित्याज,1
श्राता,1
श्रितम्,1
आशीर्,1
आशीर्त्ता,1
वय,5
ज्य,1
व्य,2
आत्,13
एच,4
उपदेशे,6
अशिति,1
स्फुरतिस्फुलत्यो,2
घञि,2
क्रीङ्जीनाम्,1
णौ,8
सिध्यते,1
अपारलौकिके,1
मीनातिमिनोतिदीङाम्,1
ल्यपि,2
खिदे,1
अपगुर,1
णमुलि,2
चिस्फुरो,1
बिभेते,1
हेतुभये,3
स्मयते,1
सृजिदृशो,1
झलि,7
अम्,5
अकिति,1
अनुदात्तस्य,4
ऋदुपधस्य,2
शीर्षन्,1
व्यो,2
वलि,1
वे,4
अपृक्तस्य,1
हल्ङ्याब्भ्य,1
दीर्घात्,7
सुतिसि,1
अपृक्तम्,1
हल्,2
एङ्ह्रस्वात्,1
सम्बुद्धे,1
शे,1
आङ्माङो,1
पदान्तात्,4
इक,8
यण्,2
अयवायाव,1
वान्त,1
यि,3
प्रत्यये,2
तन्निमित्तस्य,1
क्रय्य,1
तदर्थे,1
भय्यप्रवय्ये,1
अन्तादिवत्,1
षत्वतुको,1
असिद्ध,3
गुण,17
वृद्धि,13
एचि,1
आट,1
ऋति,2
सुपि,3
आपिशले,1
ओत,2
अम्शसो,2
ओमाङो,1
उसि,1
अपदान्तात्,1
गुणे,2
अव्यक्तानुकरणस्य,1
इतौ,2
आम्रेडितस्य,1
अन्त्यस्य,2
तस्मात्,58
शस,2
इचि,1
जसि,1
सम्प्रसारणात्,1
एङ,1
अति,16
ङसिङसो,1
ख्यत्यात्,1
परस्य,5
रो,1
अप्लुतात्,1
अप्लुते,1
प्रकृत्या,3
अन्तःपादम्,2
अव्यपरे,1
यजुषि,3
उर,1
अङ्गे,1
आङ,7
अनुनासिक,7
असवर्णे,1
शाकल्यस्य,2
ह्रस्व,11
अक,3
अप्लुतवत्,1
उपस्थिते,1
दिव,6
एतत्तदो,1
सुलोप,2
अको,2
अनञ्समासे,1
हलि,6
स्य,1
लोपे,1
पादपूरणम्,1
सुट्,2
कात्,2
अडभ्यासव्यवाये,1
उपात्,6
प्रतियत्नवैकृतवाक्याध्याहारेषु,1
हिंसायाम्,3
अपात्,3
चतुष्पाच्छकुनिषु,1
आलेखने,1
गोष्पदम्,1
सेवितासेवितप्रमाणेषु,1
आस्पदम्,1
प्रतिष्ठायाम्,1
आश्चर्यम्,1
वर्चस्के,1
अवस्कर,1
अपस्कर,1
रथाङ्गम्,1
विष्किर,1
शकुनौ,1
ह्रस्वात्,4
चन्द्रोत्तरपदे,1
प्रतिष्कश,1
कशे,1
प्रस्कण्वहरिश्चन्द्रौ,1
ऋषी,1
कारस्कर,1
वृक्ष,2
अनुदात्तम्,5
एकवर्जम्,1
कर्षात्वत,1
अन्त,26
उञ्छादीनाम्,1
यत्र,24
उदात्तलोप,1
तिसृभ्य,1
जस,1
सौ,3
तृतीयादि,1
अन्तोदत्तात्,1
उत्तरपदात्,1
अनित्यसमासे,1
असर्वनामस्थानम्,1
अष्टन,2
शतु,3
अनुम,1
नद्यजादी,1
उदात्तयण,1
हल्पूर्वात्,1
ऊङ्धात्वो,1
नाम्,1
ङ्या,1
उपोत्तमम्,2
झल्,2
नृ,1
सिच,2
स्वपादिर्हिंसाम्,1
अनिटि,2
अभ्यस्तानाम्,1
भीह्रीभृहुमदजनधनदरिद्राजागराम्,1
पूर्वम्,7
पिति,2
थलि,2
सेटि,2
ञ्णिति,2
तवै,2
युगपत्,5
क्षय,2
निवासे,1
वृषादीनाम्,1
उपमानम्,3
ङसि,1
यत,25
अनाव,1
ईडवन्दवृशंसदुहाम्,1
ण्यत,1
रिति,1
अवत्या,1
वर्ण,3
वर्णेषु,1
अनेते,1
दायाद्यम्,1
दायादे,1
पदे,1
अपदेशे,1
अध्वर्युकषाययो,1
गन्तव्यपण्यम्,1
वाणिजे,1
सुखप्रिययो,1
हिते,1
स्वम्,19
स्वामिनि,1
पत्यौ,1
कुमार,15
पूगेषु,1
बहु,3
दिष्टिवितस्त्यो,1
सप्तमी,4
सिद्धशुष्कपक्वबन्धेषु,1
अकालात्,2
राजन्यबहुवचनद्वन्द्वे,1
अन्धकवृष्णिषु,1
आचार्योपसर्जन,2
अन्तेवासी,1
कार्त्तकौजपादय,1
क्षुल्लक,1
वैश्वदेवे,1
कुरुगार्हपत,1
रिक्तगुरु,1
असूतजरति,1
यश्लीलदृढरूपा,1
पारेवडवा,1
तैतिलकद्रू,1
पण्यकम्बल,1
दासीभाराणाम्,1
कर्मधारये,1
अनिष्ठा,1
गति,20
अनन्तर,1
तादौ,2
निति,1
कृति,7
अतौ,1
अनिगन्त,1
अञ्चतौ,2
वप्रत्यये,2
ईषत्,5
हिरण्यपरिमाणम्,1
धने,1
प्रथम,13
अचिरोपसम्पत्तौ,1
आर्य,1
ब्राह्मणकुमारयो,1
सप्तमीहारिणौ,1
धर्म्ये,1
अहरणे,1
अध्यक्षे,1
पापम्,17
शिल्पिनि,2
भक्ताख्या,1
तदर्थेषु,1
गोबिडालसिंहसैन्धवेषु,1
उपमाने,2
अकृञ,1
गोतन्तियवम्,1
पाले,1
शब्दार्थप्रकृतौ,1
युक्तारोह्यादय,1
दीर्घकाशतुषभ्राष्ट्रवटम्,1
जे,4
अन्त्यात्,4
ग्रामे,6
अनिवसन्त,1
घोषादिषु,1
शालायाम्,2
प्रस्थे,1
अवृद्धम्,1
अकर्क्यादीनाम्,1
मालाऽऽदीनाम्,1
अमहन्नवम्,1
नगरे,1
अनुदीचाम्,1
अर्मे,1
अवर्णम्,1
द्व्यच्,2
त्र्यच्,1
गुणकार्त्स्न्ये,1
गिरिनिकाययो,1
कुमार्याम्,1
उदके,2
अकेवले,1
सभायाम्,1
नपुंसके,3
कुसूलकूपकुम्भशालम्,1
बिले,1
दिक्‌शब्दा,1
ग्रामजनपदाख्यानचानराटेषु,1
स्थाने,3
सुर्भवतीति,1
उत्तरपदवृद्धौ,1
विश्वम्,3
संज्ञयाम्,1
निष्ठा,2
उपसर्गपूर्वम्,1
कर्ण,6
वर्णलक्षणात्,1
संज्ञौपम्ययो,1
कण्ठपृष्ठग्रीवाजंघम्,1
शृङ्गम्,2
जरमरमित्रमृता,1
सो,2
मनसी,1
अलोमोषसी,1
क्रत्वादय,1
आद्युदात्तम्,1
कूलतीरतूलमूलशालाऽक्षसमम्,1
अव्ययीभावे,2
कंसमन्थशूर्पपाय्यकाण्डम्,1
द्विगौ,1
चिहणादीनाम्,1
चेलखेटकटुककाण्डम्,1
चीरम्,1
पललसूपशाकम्,1
मिश्रे,1
वर्ग्यादय,1
पुत्र,24
पुम्भ्य,1
आचार्यराजर्त्विक्संयुक्तज्ञात्याख्येभ्य,1
चूर्णादीनि,1
अप्राणिषष्ठ्या,1
कुण्डम्,1
वनम्,9
शिते,1
नित्याबह्वव्च्,1
अभसत्,1
गतिकारकोपपदात्,1
उभे,1
वनस्पत्यादिषु,1
देवताद्वन्द्वे,3
उत्तरपदे,2
अनुदात्तादौ,1
अपृथिवीरुद्रपूषमन्थिषु,1
सूपमानात्,1
अनाचितादीनाम्,1
प्रवृद्धादीनाम्,1
दत्तश्रुतयो,1
इत्थम्भूतेन,1
भावकर्मवचन,1
ऊनार्थकलहम्,1
मिश्रम्,1
अनुपसर्गम्,2
असन्धौ,1
गुणप्रतिषेधे,1
सम्पाद्यर्हहितालमर्था,1
तद्धिता,1
ययतो,1
अतदर्थे,2
अच्कौ,1
अशक्तौ,1
कृत्योकेष्णुच्चार्वादय,1
इदमेतत्तद्‍भ्य,1
प्रथमपूरणयो,1
क्रियागणने,1
मित्राजिनयो,1
व्यवायिन,1
अन्तरम्,2
मुखम्,14
स्वाङ्गम्,2
अव्ययदिक्‌शब्दगोमहत्स्थूलमुष्टिपृथुवत्सेभ्य,1
निष्ठोपमानात्,1
जातिकालसुखादिभ्य,1
अनाच्छादनात्,1
अकृतमितप्रतिपन्ना,1
ह्रस्वान्ते,1
नञ्वत्,1
उत्तरपदभूम्नि,1
गुणादय,1
अवयवा,1
ध्रुवम्,10
अपर्शु,1
समासे,6
परे,6
अभितोभावि,1
मण्डलम्,3
प्रात्,2
अस्वाङ्गम्,1
अभे,2
स्फिगपूतवीणाऽञ्जोध्वकुक्षिसीरनामनाम,1
अधे,1
उपरिस्थम्,1
अनो,4
अप्रधानकनीयसी,1
पुरुष,23
अन्वादिष्ट,1
अते,1
अकृत्पदे,1
अनिधाने,1
अंश्वादय,1
द्‍व्यजजिनम्,1
अगौरादय,1
अवक्षेपणे,1
उत्पुच्छे,1
पाद्दन्मूर्धसु,1
सक्थम्,1
अक्रान्तात्,1
परादि,1
ओजःसहोम्भस्तमस,1
आत्मन,15
पूरणे,1
वैयाकरणाख्यायाम्,1
चतुर्थ्या,1
हलदन्तात्,1
कारनाम्नि,1
हलादौ,1
गुरौ,1
अमूर्धमस्तकात्,1
अकामे,1
प्रावृट्शरत्कालदिवाम्,1
वर्षक्षरशरवरात्,1
शयवासवासिषु,1
इन्सिद्धबध्नातिषु,1
पुत्रे,1
विद्यायोनिसम्बन्धेभ्य,1
आनङ्,1
द्वन्द्वे,3
ईत्,8
सोमवरुणयो,1
वृद्धौ,1
द्यावा,1
दिवस,5
पृथिव्याम्,2
उषासा,1
उषस,1
मातरपितरौ,1
पितरामातरा,1
स्त्रिया,1
पुंवत्,4
भाषितपुंस्कादनूङ्,1
समानाधिकरणे,3
अपूरणीप्रियाऽऽदिषु,1
क्यङ्मानिनो,1
संज्ञापूरण्यो,1
वृद्धिनिमित्तस्य,1
तद्धितस्य,2
अरक्तविकारे,1
ईत,1
अमानिनि,1
कर्मधारयजातीयदेशीयेषु,1
घरूपकल्पचेलड्ब्रुवगोत्रमतहतेषु,1
ङ्य,1
अनेकाच,2
नद्या,2
शेषस्य,1
महत,2
समानाधिकरणजातीययो,1
द्‍व्यष्टन,1
संख्यायाम्,1
अबहुव्रीह्यशीत्यो,1
त्रे,2
त्रय,9
हृदयस्य,1
हृत्,2
लेखयदण्लासेषु,1
पद,2
आज्यातिगोपहतेषु,1
पद्,1
यति,3
उदकस्य,1
उद,4
एकहलादौ,1
पूरयितव्ये,1
अङ्य,1
गालवस्य,2
ङ्यापो,1
इष्टकेषीकामालानाम्,1
चिततूलभारिषु,1
खिति,1
अनव्ययस्य,2
इच,1
प्रत्ययवत्,1
नुट्,4
एकादि,1
आदुक्,1
नग,1
द्वितीये,1
अनुपाख्ये,1
अकाले,1
उपसर्जनस्य,2
अगोवत्सहलेषु,1
समानस्य,1
अमूर्धप्रभृत्युदर्केषु,1
उदरे,1
इदङ्किमो,1
ईश्की,1
विष्वग्देवयो,1
अद्रि,2
तिरस,2
तिरि,1
अलोपे,1
सध,1
मादस्थयो,1
द्‍व्यन्तरुपसर्गेभ्य,1
अप,5
ऊत्,2
अषष्ठ्यतृतीयास्थस्य,1
अन्यस्य,2
दुक्,1
आशीराशाऽऽस्थाऽऽस्थितोत्सुकोतिकारकरागच्छेषु,1
को,1
कत्,2
रथवदयो,1
कवम्,1
उष्णे,1
पथि,1
संख्याविसायपूर्वस्य,1
अह्नस्य,1
अहन्,1
ङौ,1
ढ्रलोपे,1
पूर्वस्य,9
सहिवहो,1
ओत्,1
अवर्णस्य,1
साढ्यै,1
साढ्वा,1
साढा,1
निगमे,4
कर्णे,1
लक्षणस्य,1
अविष्टाष्टपञ्चमणिभिन्नछिन्नछिद्रस्रुवस्वस्तिकस्य,1
वनगिर्यो,1
कोटरकिंशुलकादीनाम्,1
अनजिरादीनाम्,1
शरादीनाम्,1
उपसर्गस्य,2
द,8
मित्रे,1
विभक्तौ,3
अप्रथमायाम्,1
अन्येषाम्,1
उपधाया,10
सर्वनामस्थाने,3
असम्बुद्धौ,2
इन्हन्पूषार्यम्णाम्,1
शौ,1
अत्वसन्तस्य,1
अधातो,2
अज्झनगमाम्,1
सनि,5
तनोते,2
क्रम,2
क्त्वि,2
च्छ्वो,1
शूठ्,1
अनुनासिके,2
ज्वरत्वरस्रिव्यविमवाम्,1
रात्,2
असिद्धवत्,1
भात्,1
श्नात्,1
अनिदिताम्,1
क्ङिति,4
दन्शसञ्जस्वञ्जाम्,1
शपि,1
रञ्जे,1
स्यद,1
जवे,1
पूजायाम्,3
जान्तनशाम्,1
भञ्जे,1
चिणि,1
शास,1
अङ्‍हलो,1
हन्ते,3
ज,1
अनुदात्तोपदेशवनतितनोत्यादीनाम्,1
क्तिचि,2
विड्‍वनो,1
अनुनासिकस्य,1
जनसनखनाम्,1
सञ्झलो,1
यकि,1
सन,2
भ्रस्ज,1
रोपधयो,1
रम्,5
णे,5
निष्ठायाम्,5
अय्,2
आमन्ताल्वाय्येत्न्विष्णुषु,1
आप,12
युप्लुवो,1
अण्यदर्थे,1
आक्रोशदैन्ययो,1
स्यसिच्सीयुट्‍तासिषु,1
भावकर्म्मणो,1
अज्झनग्रहदृशाम्,1
चिण्वत्,1
दीङ,1
युट्,1
इटि,3
घुमास्थागापाजहातिसाम्,1
लिङि,4
संयोगादे,4
मयते,1
लुङ्लङ्लृङ्क्ष्व्,1
अट्,2
अजादीनाम्,1
अमाङ्योगे,1
इरयो,1
रे,2
श्नुधातुभ्रुवाम्,1
य्वो,1
इयङुवङौ,1
आसवर्णे,1
इण,5
असंयोगपूर्वस्य,1
वर्षाभ्व,1
लुङ्लिटो,1
गोह,1
दोष,24
मिताम्,1
चिण्णमुलो,1
ह्लाद,1
छादे,1
घे,3
अद्‍व्युपसर्गस्य,1
गमहनजनखनघसाम्,1
अनङि,1
तनिपत्यो,1
घसिभसो,1
हुझल्भ्य,1
हे,5
धि,2
श्रुशृणुपॄकृवृभ्य,1
अङित,1
चिण,1
असंयोगपूर्वात्,1
म्वो,2
करोते,1
सार्वधातुके,2
श्नसो,1
अल्लोप,2
श्नाऽभ्यस्तयो,1
अघो,1
दरिद्रस्य,1
भिय,2
जहाते,2
घ्वसो,1
एत्,2
हौ,2
अभ्यासलोप,1
एकहल्मध्ये,1
अनादेशादे,1
तॄफलभजत्रप,1
राध,1
फणाम्,1
सप्तानाम्,1
अर्वण,1
तृ,1
असौ,123
अवनञ,1
वाह,1
ऊठ्,1
श्वयुवमघोनाम्,1
अतद्धिते,2
षपूर्वहन्धृतराज्ञाम्,1
संयोगात्,1
वमान्तात्,1
मन्त्रेषु,1
आङि,3
आदे,5
विंशते,1
डिति,1
तद्धिते,3
टखो,1
ढे,2
अकद्र्‍वा,1
यस्य,29
ईति,1
सूर्यतिष्यागस्त्यमत्स्यानाम्,1
आपत्यस्य,1
अनाति,1
क्यच्व्यो,1
बिल्वकादिभ्य,1
छस्य,1
इष्ठेमेयस्सु,1
स्थूलदूरयुवह्रस्वक्षिप्रक्षुद्राणाम्,1
यणादिपरम्,1
प्रियस्थिरस्फिरोरुबहुलगुरुवृद्धतृप्रदीर्घवृन्दारकाणाम्,1
प्रस्थस्फवर्बंहिगर्वर्षित्रब्द्राघिवृन्दा,1
भू,8
ज्यात्,1
हलादे,5
लघो,3
ऋजो,1
एकाच्,2
इन्,2
गाथिविदथिकेशिगणिपणिन,1
संयोगादि,1
ये,5
अभावकर्मणो,1
मपूर्व,1
अपत्ये,1
अवर्मण,1
ब्राह्म,1
कार्म्म,1
ताच्छील्ये,2
औक्षम्,1
ऋत्व्यवास्त्व्यवास्त्वमाध्वीहिरण्ययानि,1
युवो,1
अनाकौ,1
आयनेयीनीयिय,1
फढखछघाम्,1
प्रत्ययादीनाम्,1
झ,1
अभ्यस्तात्,2
आत्मनेपदेषु,5
अनत,1
शीङ,1
रुट्,1
वेत्ते,1
भिस,1
ऐस्,1
इदमदसो,1
टाङसिङसाम्,1
इनात्स्या,1
ङे,2
पूर्वादिभ्य,1
नवभ्य,1
औङ,1
अष्टाभ्य,2
औश्,1
षड्‍भ्य,1
स्वमो,1
इतरात्,1
युष्मदस्मद्भ्याम्,1
ङस,1
अश्,2
भ्यस,1
भ्यम्,1
आकम्,1
णल,1
तुह्यो,1
तातङ्,1
विदे,1
वसु,2
अनञ्पूर्वे,1
क्त्व,2
ल्यप्,2
सुपाम्,1
सुलुक्पूर्वसवर्णाऽऽच्छेयाडाड्यायाजाल,1
अम,1
मश्,1
ध्वम,1
ध्वात्,1
यजध्वैनम्,1
तात्,2
तप्तनप्तनथना,1
इदन्त,1
मसि,1
इष्ट्‍वीनम्,1
स्नात्व्यादय,1
जसे,1
असुक्,1
अश्वक्षीरवृषलवणानाम्,1
आत्मप्रीतौ,1
क्यचि,1
ह्रस्वनद्याप,1
षट्‍चतुर्भ्य,1
श्रीग्रामण्यो,1
इदित,1
नुम्,2
मस्जिनशो,1
रधिजभो,1
अलिटि,2
रधे,1
रभे,1
अशब्लिटो,1
लभे,1
खल्घञो,1
सुदुर्भ्याम्,1
केवलाभ्याम्,1
उगिदचाम्,1
युजे,2
असमासे,2
तृतीयाऽऽदिषु,1
भाषितपुंस्कम्,1
अस्थिदधिसक्थ्यक्ष्णाम्,1
शीनद्यो,1
शप्श्यनो,1
अवनडुह,1
दृक्स्ववस्स्वतवसाम्,1
औत्,1
पथिमथ्यृभुक्षाम्,1
थ,2
न्थ,1
भस्य,1
पुंस,2
असुङ्,1
गोत,1
णित्,1
णल्,1
उत्तम,6
ऋदुशनस्पुरुदंसऽनेहसाम्,1
तृज्वत्,1
क्रोष्टु,1
तृतीयादिषु,1
चतुरनडुहो,1
ॠत,1
ओष्ठ्यपूर्वस्य,1
अन्तस्य,2
वदव्रजहलन्तस्य,1
ऊर्णोते,2
वशि,1
ग्रहगुहो,1
कृसृभृवृस्तुद्रुस्रुश्रुव,1
श्वीदित,1
घुषि,1
अविशब्दने,1
अर्दे,1
सन्निविभ्य,1
आविदूर्ये,1
हृषे,1
लोमसु,1
अपचित,1
ह्रु,1
ह्वरे,1
अपरिह्वृता,1
ग्रसितस्कभितस्तभितोत्तभितचत्तविकस्ता,1
विशस्तॄ,1
शंस्तृ,1
शास्तृ,1
तरुतृ,1
तरूतृ,1
वरुतृ,1
वरूतृ,1
वरुत्री,1
रुज्ज्वलितिक्षरिति,1
क्षमितिवमित्यमिति,1
आर्धधातुकस्य,1
वलादे,1
स्नुक्रमो,1
अनात्मनेपदनिमित्ते,1
ग्रह,7
वॄत,1
लिङ्‍सिचो,1
स्वरतिसूतिसूयतिधूञूदित,1
रधादिभ्य,1
इषसहलुभरुषरिष,1
इवन्तर्धभ्रस्जदम्भुश्रिस्वृयूर्णुभरज्ञपिसनाम्,1
पूङ,1
वसतिक्षुधो,1
लुभ,1
विमोहने,1
उदित,2
असिचि,1
कृतचृतच्छृदतृदनृत,1
गमे,1
वृद्‍भ्य,2
चतुर्भ्य,1
तास्वत्,1
अनिट,2
अत्वत,1
भारद्वाजस्य,1
बभूथ,1
आततन्थ,1
जगृम्भ,1
ववर्थ,1
अत्त्यर्तिव्ययतीनाम्,1
एकाजाद्घसाम्,1
यमरमनमाताम्,1
सक्,1
स्मिपूङ्‍रञ्ज्वशाम्,1
किर,1
पञ्चभ्य,2
रुदादिभ्य,1
सार्वधतुके,1
ईडजनो,1
ध्वे,1
सलोप,2
अनन्त्यस्य,3
या,5
इय,2
आस,2
आ,1
राय,1
अनादेशे,1
प्रथमाया,2
द्विवचने,1
त्वमौ,1
प्रतयोत्तरपदयो,1
त्रिचतुरो,1
तिसृचतसृ,1
जराया,1
जरस्,1
त्यदादीनाम्,1
अ,4
क्व,9
तदो,1
अनन्त्ययो,1
अदस,3
इद,1
आपि,2
मृजे,2
तद्धितेषु,1
अचाम्,2
देविकाशिंशपादित्यवाड्‍दीर्घसत्रश्रेयसाम्,1
केकयमित्त्रयुप्रलयानाम्,1
यादे,1
य्वाभ्याम्,1
पदान्ताभ्याम्,1
पूर्वौ,1
ऐच्,1
द्वारादीनाम्,1
स्वागतादीनाम्,1
श्वादे,1
इञि,1
पदान्तस्य,1
अवयवात्,1
सुसर्वार्धात्,1
जनपदस्य,1
अमद्राणाम्,1
ग्रामनगराणाम्,1
वर्षस्य,1
अभविष्यति,1
परिमाणान्तस्य,1
असंज्ञाशाणयो,1
अनुशतिकादीनाम्,1
इन्द्रस्य,1
वरुणस्य,1
नगरान्ते,1
जङ्गलधेनुवलजान्तस्य,1
विभाषितम्,3
उत्तरम्,12
परिमाणस्य,1
हन,4
अचिण्णलो,1
युक्,2
चिण्कृतो,1
उदात्तोपदेशस्य,1
मान्तस्य,1
अनाचमे,1
जनिवध्यो,1
अर्त्तिह्रीव्लीरीक्नूयीक्ष्माय्याताम्,1
पुक्,1
शाच्छासाह्वाव्यावेपाम्,1
विधूनने,1
जुक्,1
लीलो,1
नुग्लुकौ,1
स्नेहविपातने,1
स्फाय,1
शदे,1
अगतौ,1
रुह,1
प,2
प्रत्ययस्थात्,1
असुप,1
यकपूर्वाया,1
भस्त्रैषाऽजाज्ञाद्वास्वा,1
नञ्पूर्वाणाम्,1
अभाषितपुंस्का,1
आचार्याणाम्,2
ठस्य,1
इसुसुक्तान्तात्,1
न्यङ्‍क्वादीनाम्,1
ञ्णिन्नेषु,1
अभ्यासात्,2
अचङि,1
सन्लिटो,1
अजिवृज्यो,1
वञ्चे,1
गतौ,4
ओक,1
उच,1
के,3
ण्ये,1
आवश्यके,2
यजयाचरुचप्रवचर्च,1
वच,12
अशब्दसंज्ञायाम्,1
भोज्यम्,1
भक्ष्ये,1
घो,2
लेटि,2
क्सस्य,1
दुहदिहलिहगुहाम्,1
आत्मनेपदे,1
दन्त्ये,1
शमाम्,1
अष्टानाम्,1
श्यनि,1
ष्ठिवुक्लमुचमाम्,1
शिति,1
इषुगमियमाम्,1
पाघ्राध्मास्थाम्नादाण्दृश्यर्त्तिसर्त्तिशदसदाम्,1
पिबजिघ्रधमतिष्ठमनयच्छपश्यर्च्छधौशीयसीदा,1
ज्ञाजनो,1
जा,1
प्वादीनाम्,1
मीनाते,1
मिदे,1
जाग्र,1
अविचिण्णल्ङित्सु,1
अभ्यस्तस्य,1
भूसुवो,1
तिङि,2
लुकि,1
अपृक्ते,2
तृणह,1
इम्,1
ईट्,1
अस्तिसिच,1
रुद,1
गार्ग्यगालवयो,1
यञि,1
अम्बाऽर्थनद्यो,1
ङिसर्वनामस्थानयो,1
याट्,1
सर्वनाम्न,2
स्याट्,1
नद्याम्नीभ्य,1
ना,1
अग्लोपिशास्वृदिताम्,1
भ्राजभासभाषदीपजीवमीलपीडाम्,1
पिबते,1
तिष्ठते,1
जिघ्रते,1
ऋत्,1
दयते,1
दिगि,1
शॄदॄप्राम्,1
ऋदृश,1
अङि,1
अस्यते,1
श्वयते,1
उम्,1
ऊहते,1
एते,6
अकृत्सार्वधातुकयो,1
रिङ्,1
शयग्लिङ्‍क्षु,1
अर्तिसंयोगाद्यो,1
अपुत्रस्य,1
दुरस्यु,1
द्रविणस्यु,1
वृषण्यति,1
रिषण्यति,1
अश्वाघस्य,1
देवसुम्नयो,1
काठके,1
कव्यध्वरपृतनस्य,1
द्यतिस्यतिमास्थाम्,1
शाच्छो,1
दधाते,1
दद्,1
भि,1
सि,1
आर्द्धधातुके,1
तासस्त्यो,1
यीवर्णयो,1
दीधीवेव्यो,1
आप्ज्ञप्यृधाम्,1
दम्भ,1
मुच,1
अकर्मकस्य,1
कुहो,1
चु,1
कवते,1
कृषे,1
दाधर्ति,1
दर्धर्ति,1
दर्धर्षि,1
बोभूतु,1
तेतिक्ते,1
अलर्षि,1
आपनीफणत्,1
संसनिष्यदत्,1
करिक्रत्,1
कनिक्रदत्,1
भरिभ्रत्,1
दविध्वत,1
दविद्युतत्,1
तरित्रत,1
सरीसृपतम्,1
वरीवृजत्,1
मर्मृज्य,1
आगनीगन्ति,1
व्यथ,1
द्विहल,1
अश्नोते,1
भवते,1
ससूव,1
निजाम्,1
त्रयाणाम्,1
श्लौ,1
भृञाम्,1
अर्तिपिपर्त्यो,1
पुयण्जि,1
अपरे,11
स्रवतिशृणोतिद्रवतिप्रवतिप्लवतिच्यवतीनाम्,1
यङ्लुको,1
अकित,1
नीक्,1
वञ्चुस्रंसुध्वंसुभ्रंसुकसपतपदस्कन्दाम्,1
अनुनासिकान्तस्य,1
जपजभदहदशभञ्जपशाम्,1
चरफलो,1
रीक्,1
सन्वत्,1
लघुनि,1
चङ्‍परे,1
अनग्लोपे,1
स्मृदृत्वरप्रथम्रदस्तॄस्पशाम्,1
आम्रेडितम्,2
वर्जने,1
वाक्यादे,1
आमन्त्रितस्य,1
असूयासम्मतिकोपकुत्सनभर्त्सनेषु,1
एकम्,49
बहुव्रीहिवत्,1
कर्मधारयवत्,1
उत्तरेषु,1
अकृच्छ्रे,1
प्रियसुखयो,1
द्वन्द्वम्,1
रहस्यमर्यादावचनव्युत्क्रमणयज्ञपात्रप्रयोगाभिव्यक्तिषु,1
अपादादौ,1
षष्ठीचतुर्थीद्वितीयास्थयो,1
वान्नावौ,1
बहुवचनस्य,2
वस्नसौ,1
तेमयौ,1
एकवचनस्य,1
पश्यार्थै,1
अनालोचने,2
सपूर्वाया,1
गोत्रादीनि,1
कुत्सनाभीक्ष्ण्ययो,1
तिङ्,4
अतिङ,1
निपातै,1
यद्यदिहन्तकुविन्नेच्चेच्चण्कच्चिद्यत्रयुक्तम्,1
सत्यम्,17
प्रश्ने,2
अङ्ग,2
अप्रातिलोम्ये,1
अनेकम्,2
साकाङ्क्षम्,1
अनन्तरम्,11
उपसर्गव्यपेतम्,1
ननु,25
अनुज्ञैषणायाम्,1
किम्,166
क्रियाप्रश्ने,1
अप्रतिषिद्धम्,1
जातु,5
अपूर्वम्,1
किम्वृत्तम्,1
चिदुत्तरम्,1
आहो,2
उताहो,1
गत्यर्थलोटा,1
कारकम्,4
सर्वान्यत्,1
सोपसर्गम्,2
अनुत्तमम्,2
आम,1
एकान्तरम्,1
आमन्त्रितम्,3
अनन्तिके,1
यद्धितुपरम्,1
चनचिदिवगोत्रादितद्धिताम्रेडितेषु,1
आगते,1
क्षियायाम्,1
अह,9
विनियोगे,1
चाहलोप,1
अवधारणम्,1
वैवाव,1
एकान्याभ्याम्,1
समर्थाभ्याम्,2
यद्वृतात्,1
पूजितम्,1
(काष्ठादिभ्यः),1
सगति,1
कुत्सने,1
अगोत्रादौ,1
उदात्तवति,1
अविद्यमानवत्,1
आमन्त्रिते,2
(सामान्यवचनम्),1
पूर्वत्र,2
असिद्धम्,1
उदात्तस्वरितयो,1
यण,2
स्वरित,3
एकादेश,1
उदात्तेन,1
अनुदात्ते,1
पदादौ,1
प्रातिपदिक,1
मात्,2
अयवादिभ्य,1
आसन्दीवत्,1
अष्ठीवत्,1
चक्रीवत्,1
कक्षीवत्,1
रुमण्वत्,1
चर्मण्वती,1
उदन्वान्,1
उदधौ,1
इर,1
नात्,1
घस्य,1
कृप,2
अयतौ,1
ग्र,3
घाङ्कयो,1
सस्य,1
झल,1
अङ्गात्,2
ईटि,1
स्को,1
संयोगाद्यो,1
अन्ते,12
दादे,1
नह,1
व्रश्चभ्रस्जसृजमृजयजराजभ्राजच्छशाम्,1
ष,1
बश,1
भष्,1
झषन्तस्य,1
स्ध्वो,1
दध,1
तथो,2
झलाम्,2
जश,1
झष,1
अध,10
रदाभ्याम्,1
निष्ठान्त,1
यण्वत,1
ओदित,1
क्षिय,1
श्य,1
अस्पर्शे,1
अञ्च,1
अनपादाने,1
अविजिगीषायाम्,1
निर्वाण,1
अवाते,1
पच,1
क्षाय,1
प्रस्त्य,1
अनुपसर्गात्,5
फुल्लक्षीबकृशोल्लाघा,1
नुदविदोन्दत्राघ्राह्रीभ्य,1
भोगप्रत्यययो,1
भित्तम्,1
शकलम्,1
ऋणम्,2
आधमर्ण्ये,1
नशे,1
ससजुषो,1
रु,3
अवया,1
श्वेतवा,1
पुरोडा,1
असुपि,1
महाव्याहृते,1
वसुस्रंसुध्वंस्वनडुहाम्,1
तिपि,1
अनस्ते,1
सिपि,1
र्वो,1
उपधायाम्,1
असे,1
दात्,1
वाक्यस्य,1
प्लुत,2
दूरात्,1
हूते,2
अनृत,1
एकैकस्य,1
ओम्,36
अभ्यादाने,1
प्रणव,2
ब्रूहिप्रेस्यश्रौषड्वौषडावहानाम्,1
निगृह्य,3
अनुयोगे,1
भर्त्सने,1
अङ्गयुक्तम्,1
आकाङ्क्षम्,1
प्रश्नान्ताभिपूजितयो,1
चित्,19
उपमाऽर्थे,1
प्रयुज्यमाने,1
उपरि,13
स्वित्,1
स्वरितम्,1
आम्रेडिते,2
असूयासम्मतिकोपकुत्सनेषु,1
प्रश्नाख्यानयो,1
प्लुतौ,1
ऐच,1
इदुतौ,2
अप्रगृह्यस्य,2
अदूरात्,1
अर्धस्य,1
उत्तरस्य,2
य्वौ,1
संहितायाम्,2
मतुवसो,1
सम्बुद्धौ,2
अटि,3
अनुनासिकात्,1
पर,15
अनुस्वार,2
पुम,1
खयि,1
अम्परे,1
छवि,1
अप्रशान्,1
ऋक्षु,1
समानपादे,1
कान्,1
रि,1
खरवसानयो,1
विसर्जनीय,1
लघुप्रयत्नतर,1
गार्ग्यस्य,1
अपदान्तस्य,1
राजि,1
सम,9
क्वौ,1
ङ्‍णो,1
कुक्टुक्,1
शरि,1
ङम,1
ङमुट्,1
मय,2
उञो,1
अपदादौ,1
नमस्पुरसो,1
गत्यो,1
इदुदुपधस्य,1
अप्रत्ययस्य,1
द्विस्त्रिश्चतु,1
कृत्वोऽर्थे,1
अनुत्तरपदस्थस्य,1
कृकमिकंसकुम्भपात्रकुशाकर्णीषु,1
कःकरत्करतिकृधिकृतेषु,1
अनदिते,1
परौ,3
अध्यर्थे,1
इडाया,1
नुम्विसर्जनीयशर्व्यवाये,1
शासिवसिघसीनाम्,1
स्तौतिण्यो,1
षणि,1
स्विदिस्वदिसहीनाम्,1
सितात्,1
अड्व्यवाये,1
स्थाऽऽदिषु,1
अभ्यासेन,2
सुनोतिसुवतिस्यतिस्तौतिस्तोभतिस्थासेनयसेधसिचसञ्जस्वञ्जाम्,1
सदि,1
अप्रते,2
आलम्बनाविदूर्ययो,1
स्वन,1
भोजने,1
परिनिविभ्य,1
सेवसितसयसिवुसहसुट्‍स्तुस्वञ्जाम्,1
सिवादीनाम्,1
अड्‍व्यवाये,1
अनुविपर्यभिनिभ्य,1
स्यन्दते,1
स्कन्दे,1
अनिष्ठायाम्,1
निर्निविभ्य,1
स्कभ्नाते,1
षीध्वंलुङ्‌लिटाम्,1
सङ्ग,3
मातृपितृभ्याम्,1
स्वसा,1
मातुःपितुर्भ्याम्,1
उपसर्गप्रादुर्भ्याम्,1
यच्पर,1
निनदीभ्याम्,1
स्नाते,1
कौशले,1
सूत्रम्,6
प्रतिष्णातम्,1
कपिष्ठल,1
प्रष्ठ,1
अग्रगामिनि,1
वृक्षासनयो,1
विष्टर,1
गवियुधिभ्याम्,1
स्थिर,4
अम्बाम्बगोभूमिसव्यापद्वित्रिकुशेकुशङ्‍क्वङ्गुमञ्जिपुञ्जिपरमेबर्हिर्दिव्यग्निभ्य,1
स्थ,2
अगात्,1
निस,1
तपतौ,1
अनासेवने,1
युष्मत्तत्ततक्षुःषु,1
एकेषाम्,1
स्तुतस्तोमयो,1
सनोते,1
सहे,1
पृतनर्ताभ्याम्,1
सेधते,1
स्तम्भुसिवुसहाम्,1
सदे,1
निव्यभिभ्य,1
अड्‍व्यावये,1
रषाभ्याम्,1
समानपदे,1
अट्‍कुप्वाङ्‍नुम्व्यवाये,1
पूर्वपदात्,1
अग,1
पुरगामिश्रकासिध्रकाशारिकाकोटराऽग्रेभ्य,1
प्रनिरन्तःशरेक्षुप्लक्षाम्रकार्ष्यखदिरपियूक्षाभ्य,1
ओषधिवनस्पतिभ्य,1
अदन्तात्,1
वाहनम्,1
आहितात्,1
पानम्,2
णोपदेशस्य,1
गदनदपतपदघुमास्यतिहन्तियातिवातिद्रातिप्सातिवपतिवहतिशाम्यतिचिनोतिदेग्धिषु,1
अकखादौ,1
अषान्ते,1
अत्पूर्वस्य,1
वमो,1
अदेशे,1
अयनम्,3
ऋदवग्रहात्,1
धातुस्थोरुषुभ्य,1
अनोत्पर,1
इजुपधात्,1
षात्,1
पदव्यवाये,1
टो,1
अनाम्,1
यर,1
रहाभ्याम्,1
आदिनी,1
पुत्रस्य,1
शर,2
जश्,1
झशि,1
अभ्यासे,2
चर्,1
अवसाने,1
तो,1
लि,1
झय,1
श,1
यमाम्,1
यमि,1
झर,1
झरि,1
सवर्णे,1
उदात्तात्,1
उदात्तस्वरितोदयम्,1
अगार्ग्यकाश्यपगालवानाम्,1
श्रीमत्,10
भगवत्,11
गीता,1
अध्याय,40
धृतराष्ट्र,2
उवाच,78
समवेता,1
युयुत्सव,1
पाण्डवा,1
अकुर्वत,1
सञ्जय,5
पाण्डव,2
आनीकम्,1
व्यूढम्,1
दुर्योधन,1
आचार्यम्,1
उपसङ्गम्य,1
पश्य,7
एताम्,2
पाण्डुपुत्राणाम्,1
आचार्य,2
महतीम्,1
चमूम्,1
व्यूढाम्,1
द्रुपदपुत्रेण,1
शूरा,2
महेष्वासा,1
भीमअर्जुनसमा,1
युधि,2
युयुधान,1
विराट,2
द्रुपद,2
धृष्टकेतु,1
चेकितान,1
काशिराज,1
पुरुजित्कुन्तिभोज,1
शैब्य,1
नरपुङ्गव,1
युधामन्यु,1
ओजा,1
सौभद्र,2
द्रौपदेया,2
तान्,9
निबोध,1
द्विज,1
नायका,1
सञ्ज्ञा,1
अर्थम्,3
ब्रवीमि,1
भीष्म,3
समितिम्,1
जय,13
विकर्ण,1
सौम,1
दत्ति,1
तथा,85
मत्,23
अपर्याप्तम्,1
बलम्,11
अभिरक्षितम्,1
पर्याप्तम्,3
एतेषाम्,1
यथाभागम्,1
अवस्थिता,3
भीष्मम्,2
अभिरक्षन्तु,1
सञ्जजनयत्,1
हर्षम्,1
सिंहनादम्,1
विनद्य,1
उच्चै,6
शङ्खम्,1
दध्मौ,2
शङ्खा,1
भेर्य,1
सहसा,13
अभ्यहन्यन्त,1
तुमुल,2
श्वेतै,1
हयै,1
युक्ते,1
पाञ्चजन्यम्,1
हृषीकेश,2
देवदत्तम्,1
धनम्,14
पौण्ड्रम्,1
महाशङ्खम्भीमकर्मा,1
वृक,5
उदर,1
अनन्तविजयम्,1
राजा,39
कुन्तिपुत्रो,1
सहदेव,2
काश्य,1
धृष्टद्युम्न,1
सात्यकि,1
अपराजित,1
शङ्खान्,1
दध्मु,1
घोष,1
धार्तराष्ट्राणाम्,1
हृदयानि,1
वि,5
अदारयत्,1
नभ,2
पृथिवीम्,1
अनुनादयन्,1
व्यवस्थितान्,1
दृष्ट्वा,22
धार्तराष्ट्रान्,3
कपिध्वज,1
धनु,5
उद्यम्य,2
हृषीकेशम्,2
वाक्यम्,19
सेनयो,4
मध्ये,16
रथम्,1
स्थापय,1
अच्युत,3
यावत्,54
एतान्,4
निरीक्षे,1
योद्धुम्,1
कामान्,4
अवस्थितान्,2
कै,1
योद्धव्यम्,1
रणसमुद्यमे,1
nan,5
उक्त,25
हृषीकेशःगुडाकेशेन,1
उत्तमम्,3
सर्वेषाम्,2
समवेतान्,1
कुरून्,1
अपश्यत्,12
स्थितान्,1
पार्थ,9
पितॄन्,1
अथ,113
आचार्यान्,1
मातुलान्,1
भ्रातॄन्,1
पुत्रान्,1
पौत्रान्,1
सखीन्,1
श्वशुरान्,1
सुहृद,1
समीक्ष्य,2
कौन्तेय,1
सर्वान्,4
बन्धून्,1
परयाविष्ट,1
विषीदत्,1
अब्रवीत्,2
इमम्,6
स्व,8
जनम्,2
कृष्ण,13
युयुत्सुम्,1
सम्,27
उपस्थितम्,2
वेपथु,2
रोमहर्ष,1
गाण्डीवम्,1
स्रंसते,1
त्वक्,6
शक्नोमि,1
अवस्थातुम्,1
भ्रमति,1
श्रेय,8
अनुपश्यामि,1
आहवे,1
विजयम्,1
राज्यम्,12
सुखानि,1
राज्येन,1
भोगै,3
जीवितेन,1
येषाम्,6
काङ्क्षितम्,1
भोगा,2
ते,52
इमे,4
प्राणान्,2
त्यक्त्वा,10
पुत्रा,1
सम्बन्धिन,1
हन्तुम्,3
घ्नत,1
जन,21
अर्दन,4
आश्रयेत्,1
अस्मान्,2
हत्वा,7
आततायिन,1
अर्हा,2
वयम्,27
बान्धवान्,1
स्वजनम्,2
कथम्,93
लोभ,3
उपहत,1
चेतस,1
कुलक्षयकृतम्,2
दोषम्,3
मित्रद्रोहे,1
ज्ञेयम्,1
अस्माभि,1
पापात्,1
निवर्तितुम्,1
प्रपश्यद्भि,1
कुलम्,3
कृत्स्नम्,3
अधर्म,7
अभिभवति,1
अभिभवात्,1
सङ्कर,1
नरकाय,1
कुलघ्नानाम्,2
कुलस्य,1
पितर,1
लुप्तपिण्ड,1
उदकक्रिया,1
दोषै,1
एतै,2
वर्णसङ्कर,1
कारकै,1
कुलधर्मा,1
उत्सत्,1
नकुलधर्माणाम्,1
मनुष्याणाम्,2
नरके,1
अनियतम्,1
वास,1
अनुशुश्रुम,1
महत्,7
कर्तुम्,4
अवसिता,1
राज्यसुखलोभेन,1
उद्यता,1
माम्,108
अप्रतीकारम्,1
अशस्त्रम्,1
शस्त्रपाणय,1
धार्तराष्ट्रा,1
रणे,1
हन्यु,1
क्षेमतरम्,1
भवेत्,1
उक्त्वा,18
अर्जुन,27
सशरम्,1
चापम्,1
शोकसंविग्नमानस,1
गीतासु,5
ब्रह्मविद्यायाम्,8
योगशास्त्रे,8
श्रीकृष्ण,9
संवादे,1
अर्जुनविषादयोग,1
नाम,53
द्वितीय,19
कृपया,1
आविष्टम्,1
अश्रुपूर्ण,1
आकुल,1
ईक्षणम्,1
विषीदन्तम्,2
श्रीभगवान्,14
कुत,17
त्वा,1
कश्मलम्,1
विषमे,1
अनार्यजुष्टम्,1
अस्वर्ग्यम्,1
अकीर्तिकरम्,1
क्लैब्यम्,1
मा,25
त्वयि,1
उपपद्यते,2
क्षुद्रम्,1
हृदयदौर्बल्यम्,1
उत्तिष्ठ,2
तप,16
सङ्ख्ये,1
द्रोणम्,1
पूजा,3
अर्हौ,1
अरिसूदन,1
गुरून्,2
महा,5
अनुभावान्,1
भोक्तुम्,1
भैक्ष्यम्,1
इह,55
अर्थकामान्,1
विद्म,1
कतरत्,1
गरीय,1
जयेयु,1
यान्,1
कार्पण्यदोष,1
उपहतस्वभाव,1
त्वाम्,3
धर्मसंमूढचेता,1
निश्चितम्,1
ब्रूहि,1
शिष्य,5
शाधि,1
प्रपन्नम्,1
अपनुद्यात्,1
शोकम्,1
शोषणम्,1
इन्द्रियाणाम्,2
भूमौ,1
असपत्नम्,1
ऋद्धम्,1
सुराणाम्,1
आधिपत्यम्,2
गुडाकेश,1
योत्स्ये,1
गोविन्दम्,1
तूष्णीम्,7
बभूवह,1
प्रहसन्,1
अशोच्य,1
अनु,18
अशोच,1
त्वम्,65
प्रज्ञावादान्,1
आसून्,2
अगत,1
अनुशोचन्ति,1
आसम्,1
अधिपा,1
देहिन,1
कौमारम्,1
यौवनम्,3
जरा,2
देह,3
अन्तर,1
प्राप्ति,1
धीर,7
मात्रास्पर्शा,1
शीत,5
उष्णसुखुदुःखदा,1
आगम,8
आपायिन,1
अनित्या,1
तितिक्षस्व,1
यम्,16
व्यथयन्ति,1
पुरुषम्,3
ऋषभ,5
समदुःखसुखम्,1
धीरम्,1
अमृतत्वाय,1
असत,1
विद्यते,22
अभाव,27
उभय,6
दृष्ट,2
अनयो,1
तत्त्वदर्शिभि,1
विद्धि,9
ततम्,3
विनाशम्,1
अव्ययस्य,1
अन्तवन्त,2
देहा,1
नित्यस्य,1
उक्ता,1
अनाशिन,1
अप्रमेयस्य,1
युध्यस्व,1
एनम्,15
वेत्ति,2
हन्तारम्,1
विजानीत,1
अयम्,202
हन्ति,1
अज,8
नित्य,14
शाश्वत,2
पुराण,1
वेद,6
अविनाशिनम्,1
अजम्,2
अव्ययम्,9
कम्,2
घातयति,1
नर,12
अपराणि,1
छिन्दन्ति,1
दहति,4
क्लेदयन्ति,1
अच्छेद्य,1
अदाह्य,1
अक्लेद्य,1
अशोष्य,1
स्थाणु,3
अचल,1
सनातन,2
अव्यक्त,5
अचिन्त्य,1
अविकार्य,1
उच्यते,11
विदित्वा,2
अनुशोचितुम्,1
नित्यजातम्,1
महाबाह,9
शोचितुम्,3
अर्हसि,6
ध्रुव,3
मृत्यु,5
जन्म,8
अपरिहार्ये,1
आदीनि,2
अव्यक्तनिधनानि,1
आश्चर्यवत्,3
वदति,1
अन्य,31
श्रुत्वा,8
अवध्य,1
देहे,2
सर्वाणि,3
स्वधर्मम्,2
अवेक्ष्य,7
विकम्पितुम्,1
धर्म्यात्,1
युद्धात्,1
अन्यत्,21
क्षत्रियस्य,1
ऋच्छया,1
उपपन्नम्,1
स्वर्गद्वारम्,1
आवृतम्,3
युद्धम्,7
ईदृशम्,2
धर्म्यम्,2
ग्रामम्,1
कीर्तिम्,1
अवाप्स्यसि,3
अकीर्तिम्,1
अव्ययाम्,1
अकीर्ति,1
मरणात्,1
अतिरिच्यते,1
भयात्,2
रणात्,1
उपरतम्,1
मंस्यन्ते,1
महारथा,1
बहुमत,1
भूत्वा,37
अवाच्यवादान्,1
बहून्,1
वदिष्यन्ति,1
तव,2
अहिता,1
निन्दन्त,1
सामर्थ्यम्,1
तत,142
दुःखतरम्,1
नु,11
हत,13
स्वर्गम्,1
जित्वा,1
लाभ,6
अलाभौ,1
अजयौ,1
युद्धाय,1
बुद्धि,26
योगे,2
इमाम्,2
श्रृणु,2
युक्त,17
यया,2
कर्मबन्धम्,1
प्रहास्यसि,1
अभिक्रमनाश,1
प्रत्यवाय,1
स्वल्पम्,1
व्यवसाय,3
आत्मिका,2
अनन्ता,1
बुद्धय,2
अव्यवसायिनाम्,1
याम्,3
पुष्पिताम्,1
वाचम्,2
प्रवदन्ति,1
अविपश्चित,1
काम,5
आत्मान,4
क्रियाविशेषबहुलाम्,1
ऐश्वर्यगतिम्,1
प्रति,34
ऐश्वर्यप्रसक्तानाम्,1
तया,2
अपहृतचेतसाम्,1
वेदा,1
त्रैगुण्य,1
भव,14
द्वन्द्व,4
नित्यसत्त्वस्थ,1
योगे क्षेम,1
यावान्,1
तावान्,1
सर्वेषु,3
अधिकार,5
कर्मफलहेतु,1
अस्तु,63
अकर्मणि,2
सङ्गम्,5
सिद्धि,6
असिद्ध्यो,1
समत्वम्,1
योग,12
अवरम्,1
बुद्धियोगात्,1
शरणम्,5
इच्छ,1
बुद्धियुक्त,1
जहाति,3
योगाय,1
कर्मजम्,1
बुद्धियुक्ता,1
फलम्,20
गच्छन्ति,3
आमयम्,1
मोहकलिलम्,1
अतितरिष्यति,1
वेदम्,1
श्रोतव्यस्य,1
चला,1
समाधौ,1
अचला,1
योगम्,10
प्रभाषेत,1
आसीत,2
मनस्,1
गतान्,1
आत्मनि,9
आत्मना,9
स्थितप्रज्ञ,1
दुःखेषु,1
अनुद्विग्नमना,1
स्थितधी,1
मुनि,8
अनभिस्नेह,1
प्राप्य,9
शुभ,2
अशुभम्,2
अभिनन्दति,1
स्थिता,4
कूर्म,4
अङ्गानि,1
इन्द्रियाणि,8
इन्द्रिय,7
अर्थेभ्य,2
आहारस्य,1
रस,12
यतत,1
प्रसभम्,3
मन,25
ध्यायत,1
विषयान्,2
तेषु,3
उपजायते,2
सङ्गात्,1
सञ्जायते,1
कामात्,1
क्रोध,3
अभिजायते,2
क्रोधात्,1
सम्मोहात्,1
स्मृतिविभ्रम,1
स्मृतिभ्रंशात्,1
बुद्धिनाश,1
बुद्धिनाशात्,1
प्रणश्यति,1
रागद्वेषवियुक्तै,1
विषयानि,1
इन्द्रियै,2
चरन्,1
आत्मवश्यै,1
विधेय,6
आत्मा,32
प्रसादम्,1
अधिगच्छति,6
सर्वदुःखानाम्,1
हानि,4
प्रसन्नचेतस,1
आशु,7
परि,3
अवतिष्ठते,1
अयुक्तस्य,2
अभावयत,1
शान्ति,6
अशान्तस्य,1
चरताम्,1
अनुविधीयते,1
प्रज्ञाम्,1
वायु,12
नावम्,1
अम्भसि,1
निगृहीतानि,1
सर्वभूतानाम्,3
तस्याम्,1
जागर्ति,1
यस्याम्,1
जाग्रति,1
पश्यत,1
मुने,2
आपूर्यमाणम्,1
अचलप्रतिष्ठम्,1
समुद्रम्,1
वत्,4
कामा,1
प्रविशन्ति,1
शान्तिम्,7
आप्नोति,4
पुमान्,6
स्पृह,2
अहङ्कार,5
एनाम्,1
स्थित्वा,2
अन्तकाले,1
ब्रह्मनिर्वाणम्,4
ऋच्छति,1
अर्जुनसंवादे,6
तृतीय,13
नियोजयसि,1
व्यामिश्रेण,1
बुद्धिम्,1
मोहयसि,1
वद,3
आप्नुयाम्,1
लोके,11
अनघ,1
साङ्ख्यानाम्,1
कर्मयोगेन,1
कर्मणाम्,3
अनारम्भान्,1
नैष्कम्र्यम्,1
अश्नुते,3
सन्न्यसनात्,1
क्षणम्,1
अकर्मकृत्,1
अवश,3
प्रकृतिजै,1
गुणै,1
आस्ते,12
मिथ्या,3
आचार,2
नियम्य,2
आरभते,1
कर्मयोगम्,1
असक्त,5
विशिष्यते,3
नियतम्,1
कुरु,4
ज्याय,1
अकर्मण,3
शरीरयात्रा,1
प्रसिद्ध्येत्,1
यज्ञ,3
अर्थात्,6
लोक,7
कर्मबन्धन,1
आचर,2
पुरा,2
प्रसविष्यध्वम्,1
इष्टकामधुक्,1
देवान्,3
भावयत,1
देवा,3
भावयन्तु,1
भावयन्त,1
अव,3
आप्स्यथ,1
इष्टान्,1
भोगान्,1
दास्यन्ते,1
तै,4
दत्तान्,1
अप्रदाय,1
एभ्य,2
भुङ्क्ते,1
सन्त,5
मुच्यन्ते,2
अघम्,1
पापा,1
पचन्ति,1
आत्मकारणात्,1
भवन्ति,7
पर्जन्यात्,1
अन्नसम्भव,1
यज्ञात्,2
पर्जन्य,1
कर्मसम्,3
उद्भव,2
ब्रह्म,22
उद्भवम्,2
अक्षर,3
सर्वगतम्,1
यज्ञे,1
स्थितम्,2
प्रवर्तितम्,1
चक्रम्,11
अनुवर्तयती,1
अघायु,1
इन्द्रियआराम,1
मोघम्,1
आत्मरति,1
आत्मतृप्त,1
सन्तुष्ट,4
कृतेन,1
अकृतेन,1
चन,6
अर्थव्यप,1
आश्रय,7
सततम्,6
आचरन्,2
परम,5
कर्मणा,3
सिद्धिम्,3
आस्थिता,1
जनक,1
आदय,1
लोकसम्,1
ग्रहम्,1
सम्पश्यन्,1
आचरति,1
श्रेष्ठ,5
इतर,4
प्रमाणम्,20
कुरुते,3
अनुवर्तते,1
कर्तव्यम्,1
त्रिषु,3
अवाप्तम्,1
अवाप्तव्यम्,1
वर्त,1
वर्तेयम्,1
अतन्द्रित,1
वर्त्म,2
अनुवर्तन्ते,2
उत्सीदेयु,1
लोका,2
कुर्याम्,1
स्याम्,1
उपहन्याम्,1
इमा,1
अविद्वांस,1
कुर्यात्,1
विद्वान्,7
चिकीर्षु,1
लोकसङ्ग्रहम्,1
बुद्धिभेदम्,1
जनयेत्,1
अज्ञानाम्,1
कर्मसङ्गिनाम्,1
जोषयेत्,1
सर्वकर्माणि,1
अहङ्कारविमूढ,1
कर्ता,4
तत्त्वविद्,1
गुणकर्मविभागयो,1
गुणा,1
गुणेषु,1
प्रकृते,3
गुणसम्मूढा,1
अकृत्स्नविद,1
मन्दान्,1
कृत्स्नविद्,1
सन्न्यस्य,1
अध्यात्मचेतसा,1
निराशी,2
निर्मम,1
मतम्,8
अनुतिष्ठन्ति,2
श्रद्धावन्त,1
अन् असूयन्त,1
अभिअसूयन्त,1
सर्वज्ञान्,1
विमूढान्,1
नष्टान्,1
अचेतस,1
सदृशम्,2
चेष्टते,1
ज्ञानवान्,1
प्रकृतिम्,7
यान्ति,6
करिष्यति,1
इन्द्रियस्य,2
आगच्छेत्,1
तौ,2
श्रेयान्,2
स्वधर्म,1
विगुण,1
परधर्मात्,1
अनुष्ठितात्,1
निधनम्,1
परधर्म,1
भय,1
आवह,1
प्रयुक्त,1
इच्छन्,1
बलात्,4
रजस्,1
गुणसम्,1
अशन,1
महापाप्मा,1
धूमेन,1
आव्रियते,1
वह्नि,12
आदर्श,1
मलेन,1
उल्बेन,1
आवृत,1
गर्भ,3
ज्ञानम्,40
एतेन,1
ज्ञानिन,3
नित्यवैरिणा,1
दुष्पूरेण,1
अनलेन,1
अधि,6
स्थानम्,7
विमोहयति,1
आवृत्य,1
आदौ,3
भरत,11
पाप्मानम्,1
प्रजहि,1
पराणि,1
आहु,4
इन्द्रियेभ्य,1
मनस,1
बुद्धे,2
परत,1
बुद्ध्वा,1
संस्तभ्य,1
आत्मानम्,9
शत्रुम्,1
कामरूपम्,1
दु,7
आसदम्,1
कर्मयोग,3
चतुर्थ,9
विवस्वते,1
प्र,4
उक्तवान्,2
विवस्वान्,2
मनवे,1
मनु,2
इक्ष्वाकवे,1
परम्पराप्राप्तम्,1
ऋषय,3
विदु,3
कालेन,2
नष्ट,5
अद्य,72
रहस्यम्,6
अपरम्,9
विजानीयात्,1
तानि,4
वेत्थ,1
सन्,9
अव्यय,2
भूतानाम्,1
ईश्वर,8
स्वाम्,2
अधिष्ठाय,3
सम्भवामि,1
आत्ममायया,1
ग्लानि,3
अभि,2
उत्थानम्,1
अधर्मस्य,1
सृजामि,1
अहम् ,1
साधूनाम् विनाशाय,1
कृताम्,1
धर्मसंस्थापना,1
अर्थाय,1
दिव्यम्,3
देहम्,2
वीतरागभयक्रोधा,1
उप्,1
आश्रिता,3
बहव,1
ज्ञानतपसा ,1
पूता,1
भावम्,6
आगता,1
प्रपद्यन्ते,2
एव भजामि,1
यजन्ते,2
क्षिप्रम्,5
चातुर्वर्ण्र्यम्,1
सृष्टम्,1
गुणकर्म विभागश,1
कर्तारम्,1
अकर्तारम्,1
कर्माणि,1
अभिजानाति,3
कर्मभि,1
न ,4
बध्यते,1
ज्ञात्वा,17
पूर्वतरम्,1
अकर्म,2
कवय,1
मोक्ष्यसे,3
अशुभात्,2
बोद्धव्यम्,3
गहना,1
पश्येत्,1
बुद्धिमान्,2
मनुष्येषु ,1
युक्तः ,1
आरम्भा,1
कामसम्,1
कल्पवर्जिता,1
ज्ञान,9
अग्निदग्धकर्माणम्,1
पण्डितम्,1
बुधा,2
कर्मफलआसङ्गम्,1
नित्यतृप्त,1
अभिप्रवृत्त,1
यतचित्त,3
शारीरम्,1
केवलम्,23
कुर्वन्,3
ऋच्छालाभसन्तुष्ट,1
द्वन्द्वअतीत,1
विमत्सर,1
सिद्धौ,1
असिद्धौ,1
कृत्वा,25
अवस्थितचेतस,1
यज्ञाय,1
आचरत,1
समग्रम्,2
प्रविलीयते,1
ब्रह्मा,12
अर्पणम्,2
हवि,2
अग्नौ,3
गन्तव्यम्,1
ब्रह्मकर्म समाधिना,1
दैवम्,2
यज्ञम्,2
योगिन,2
उप,7
आसते,1
यज्ञेन,1
उपजुह्वति,1
श्रोत्र,1
अन्ये,2
संयम,2
अग्निषु ,1
आदीन्,1
अग्निषु,1
इन्द्रियकर्माणि ,1
अपरे ,3
आत्मसंयमयोग,1
द्रव्ययज्ञा,1
यज्ञा,2
योगयज्ञा,1
अध्यायज्ञानयज्ञा,1
प्राणम्,3
प्राणे,1
अपानम्,1
प्राण,5
अपानगती,1
आयामपर,1
अयना,2
नियत,4
आहारा,1
प्राणेषु,1
सर्वे,2
यज्ञशिष्टअमृतभुज,1
अयज्ञस्य,1
अन्यः ,1
बहुविधा,1
वितता,1
मुखे ,1
कर्मजान्,1
द्रव्यमयात्,1
ज्ञानयज्ञ,1
अखिलम्,2
तत्त्वदर्शिन,1
मोहम्,4
यास्यसि,1
भूतानि,1
अशेषेण,1
द्रक्ष्यसि,1
मयि,3
ज्ञानप्लवेन,1
वृजिनम्,1
तरिष्यसि,1
एधांसि,1
समिद्ध,1
अग्नि,16
भस्मसात्,2
अर्जुन ,4
पवित्रम्,7
स्वयम्,22
योगसम्,2
सिद्ध,6
श्रद्धावान्,2
लभते,2
तत्पर,7
संयत,2
लब्ध्वा,4
पराम्,3
अचिरेण,2
अज्ञ,1
अश्रद्दधान,2
संशय,11
सुखम्,24
न्यस्तकर्माणम्,1
ज्ञानसम्,1
छिन्नसंशयम्,1
आत्मवन्तम्,1
अज्ञानसम्भूतम्,1
हृत्स्थम्,1
असिन,1
छित्त्वा,5
आतिष्ठ,1
उतिष्ठ,1
तत् ,6
अर्जुनसंवादे ,2
ज्ञानकर्मसम्,1
न्यासयोग,2
पञ्चम,7
उवाच ,3
न्यासम्,2
च ,2
श्रेयसकरौ,1
उभौ ,1
न्यासात्,1
नित्यसम्,1
न्यासी,1
बन्धात्,1
प्रमुच्यते,1
पृथक्,10
बाला,2
आस्थित,2
सम्यक्,21
विन्दते,1
सांख्यै,1
योगै,1
साङ्ख्यम्,1
न्यास,3
दुखम्,1
आप्तुम्,1
अयोगत,1
योगयुक्त,4
चिरेण,4
विशुद्ध,1
विजित,2
जित,5
इन्द्रियः ,1
सर्वभूत,1
आत्मभूत,1
आत्मा ,1
करोमि,1
मन्येत,1
पश्यन्,4
श्रृण्वन्,1
स्पृशन्,1
जिघ्रन्,1
अश्नन्,1
गच्छन्,1
स्वपन्,1
श्वसन्,1
प्रलपन्,1
विसृजन्,1
गृह्णन्,1
उन्मिषन्,1
निमिषन्,1
अर्थेषु,2
वर्तन्ते,1
इति ,1
ब्रह्मणि,3
आधाय,5
सः पापेन,1
पद्मपत्रम्,1
अम्भसा,1
केवलै,1
अपि ,4
आत्मशुद्धये ,1
कर्मफलम्,2
नैष्ठिकीम् ,1
सक्त,1
निबध्यते,1
न्यस्य,5
वंशो,1
कर्मफलसंयोगम्,1
स्वभाव,2
आदत्ते,1
सुकृतम्,1
विभुः ,1
अज्ञानेन,1
वृतम्,1
तेन ,1
अज्ञानम्,1
नाशितम्,1
तेषाम्,4
आदित्यवत्,1
प्रकाशयति,1
अपुन,1
आवृत्तिम्,4
ज्ञाननि,1
धूतकल्मषा,1
विद्याविनयसम्पन्ने,1
एव ,7
साम्ये,1
समम्,9
प्रहृष्येत्,1
प्रियम्,1
विजेत्,1
अप्रियम् ,1
स्थिरबुद्धि,1
मूढ,3
ब्रह्मवित्,1
बाह्यस्पर्शेषु,1
विन्दति,1
ब्रह्मयोगयुक्त,1
अक्षयम्,1
स्पर्शजा,1
दुःखयोनय,1
शक्नोति,1
सोढुम्,1
शरीरविमोक्षणात्,1
कामक्रोधउद्भवम्,1
वेगम्,1
सुखी,2
सुख,1
अन्तराराम,1
ज्योति,8
योगी,11
ब्रह्मभूत,1
छिन्नद्वैधा,1
आत्मानः ,1
कामक्रोधवियुक्तानाम्,1
यतीनाम्,1
यतचेतसाम्,1
अभित,1
आत्मनाम्,1
स्पर्शान्,1
बहि,1
बाह्यान्,1
चक्षु,4
अन्तरे,2
अपानौ,1
नासाभि,1
अन्तरचारिणौ ,1
इन्द्रियमन,1
मोक्षपर,1
अयन,1
विगत,2
इच्छाभयक्रोध,1
यः ,1
मुक्तः एव,1
भोक्तारम्,1
यज्ञतपसाम्,1
सर्वलोकमहा,1
ईश्वरम्,4
सुहृदम्,1
ऋच्छति ,1
षष्ठ,5
आश्रितः ,1
कर्म ,1
न्यासी ,2
अक्रिय,1
असम्,1
न्यस्तसङ्कल्प,1
आरुरुक्षो,1
कारणम्,26
उच्यते ,2
आरूढस्य,1
कर्मसु,1
अनुषज्जते,1
सर्वसङ्कल्प,1
आरूढ,1
हरेत्,1
अवसादयेत्,1
बन्धु,3
रिपु,6
वर्तेत,1
आहित,1
उष्ण,1
सुखदुःखेषु,1
मान,2
अपमानयो,1
ज्ञानविज्ञान,1
तृप्त,2
कूटस्थ,1
विजितेन्द्रियः ,1
समलोष्ट,1
अश्मकाम्,1
सुहृत्,2
मित्र,3
अरि,1
उदासीन,3
मध्यस्थ,1
द्वेष्यबन्धुषु,1
साधुषु,1
समबुद्धि,1
रहसि ,1
आशी,2
अपरिग्रह,1
स्थिरम्,1
आसन,1
आत्मनः ,1
श्रृतम्,1
अतिनीचम्,1
चैल,1
अजिनकुश,1
अग्रम्,2
इन्द्रियक्रियः ,1
उपविश्य,1
आसने,1
युञ्ज्यात्,1
आत्मविशुद्धये,1
कायशिर,1
ग्रीवम्,1
धारयन्,1
अचलम्,1
स्थिरः ,1
नासिका,2
अवलोकयन्,1
प्रशान्त,1
विगतभी,1
ब्रह्मचारिव्रते,1
चित्त,1
परः ,1
युञ्जन्,3
सत्,7
निर्वाणपरमाम्,1
संस्थाम्,1
अश्नत,1
अन्तम्,1
अश्नतः ,1
अतिस्वप्नशीलस्य,1
जाग्रत,1
आहारविहारस्य,1
स्वप्न,2
अवबोधस्य,1
विनियतम्,1
चित्तम्,6
अवतिष्ठते ,1
सर्वकामेभ्य,1
दीप,2
निवातस्थ,1
इङ्गते,1
उपमा,1
यतचित्तस्य,1
युञ्जत,1
उपरमते,1
निरुद्धम्,1
योगसेवया ,1
आत्मानम् पश्यन्,1
अन्तिकम्,1
बुद्धिग्राह्यम्,1
इन्द्रियम् ,1
स्थित,20
चलतितत्त्वत,1
लाभम्,1
मन्यते,4
यस्मिन्,1
गुरुणा,1
विद्यात्,1
दुःखसंयोगवियोगम्,1
योगसञ्ज्ञितम् ,1
निश्चयेन,1
योक्तव्य,1
अनिर्विण्णचेतसा,1
कल्पप्रभवान्,1
त्यक्त्वा ,1
अशेषत,2
मनसा,3
इन्द्रियग्रामम्,1
विनियम्य,1
ततः ,1
शनै,23
उपरमेत्,1
बुद्ध्या,1
आत्मसंस्थम्,1
चञ्चलम्,1
अस्थिरम् ,1
नयेत्,1
प्रशान्तमनसम्,1
योगिनम्,1
उत्तमम् ,2
शान्तरजसम्,1
ब्रह्मभूतम्,1
अकल्मषम् ,1
ब्रह्मसंस्पर्शम्,1
अत्यन्तम्,1
सर्वभूतस्थम्,1
सर्वभूतानि,1
सर्वभूतस्थितम्,1
भजति,1
एकत्वम्,1
आस्थितः ,1
वर्तमान,1
औपम्येन,1
पश्यति ,1
दुःखम्,7
मत,3
त्वया ,1
एतस्य,1
चञ्चलत्वात्,1
स्थितिम्,1
स्थिराम्,1
चम्,1
चलम्,1
बलवत्,1
दृढम् ,1
निग्रहम्,2
मन्ये,1
वायो,1
असंशयम्,2
चलम् ,1
असंयतात्,1
प्राय,12
वश्यात्,1
यतता शक्य,1
आप्तु्म्,1
उपायत,1
श्रद्धया,3
उपेत,1
चलितमानसः ,1
योगसंसिद्धिम्,1
काम्,2
गतिम्,5
उभयविभ्रष्ट,1
छिन्न,1
अभ्रम्,1
अप्रति,1
विमूढ,1
छेत्तुम्,1
त्वत्,6
संशयस्य,1
अमुत्र,2
विनाश,4
कल्याणकृत्,1
पुण्यकृताम्,1
लोकान्,1
उषित्वा,4
शुचीनाम्,1
श्रीमताम्,1
गेहे,1
योगभ्रष्ट,1
योगिनाम्,2
दुर्लभतरम्,1
बुद्धिसंयोगम्,1
भूय,14
जिज्ञासु,2
शब्दब्रह्म,1
अतिवर्तते,1
प्रयत्नात्,1
यतमान,1
अनेकजन्मसिद्ध,1
याति ,2
तपस्विभ्य,1
अधिक,8
योगी ,1
ज्ञानिभ्य,1
अधिकः ,1
कर्मिभ्य,1
गतेन,1
अन्तर्,1
आत्मना ,1
भजते,2
मे ,1
युक्ततम,1
मतः ,1
गीतासु ,4
ध्यानयोग,1
सप्तम,6
आसक्तमना,1
सविज्ञानम्,1
वक्ष्यामि,2
अशेषतः ,1
ज्ञातव्यम्,1
अवशिष्यते,1
सहस्रेषु ,1
यतति,1
यतताम्,1
सिद्धानाम्,1
वेत्ति ,1
भूमि,1
अनल,2
वायुः ,1
खम्,7
कार,2
इयम्,53
प्रकृति,4
अष्टधा,1
अपरा,6
अन्याम्,1
जीवभूताम्,1
धार्यते,1
योनीनि,1
उपधारय,1
कृत्स्नस्य,1
प्रलय,1
परतरम्,1
प्रोतम्,1
सूत्रे ,1
अप्सु,1
प्रभा,1
अस्मि,90
पौरुषम्,1
नृषु,1
पुण्य,1
गन्ध,8
तेज,7
अस्मि ,1
जीवनम्,6
सर्वभूतेषु ,1
बीजम्,5
बुद्धिमताम्,1
तेजस्विनाम्,1
बलवताम्,1
कामरागविवर्जितम् ,1
धर्मस्य,2
अविरुद्ध,1
भूतेषु ,1
सात्त्विका,1
भावा,1
राजसा,1
तामसा,1
त्रिभि,1
गुणमयै,1
भावै,1
एभिः ,1
जगत् ,1
मोहितम्,1
मायाम्,1
तरन्ति,1
कृतिन,1
मूढा,2
अधमा,1
मायया,1
अपहृतज्ञाना ,1
आसुरम्,1
जना,3
सुकृतिन,1
आर्त,1
अर्थी,1
ज्ञानी,1
एकभक्ति,1
विशिष्यते ,1
प्रिय,4
हि ,3
उत्तमाम्,1
जन्मनाम्,1
प्रपद्यते,1
कामै,1
हृतज्ञानाः ,1
अन्यदेवताः ,1
नियमम्,1
आस्थाय ,1
तनुम्,2
भक्त,5
अर्चितुम्,1
इच्छति ,1
अचलाम्,1
श्रद्धाम्,1
विदधामि,1
आराधनम्,1
ईहते ,1
विहितान्,1
अन्तवत्,1
अल्पमेधसाम् ,1
देवयज,1
भक्ता,2
अव्यक्तम्,1
व्यक्तिम्,1
आपन्नम्,1
मन्यन्ते,1
अबुद्धय,1
अजानन्त,2
प्रकाश,2
योगमायासम्,1
आवृतः ,1
अभिजानाति ,1
अव्ययम् ,2
अतीतानि,1
इच्छाद्वेषसम्,1
उत्थेन,1
सर्गे,1
अन्तगतम्,1
जनानाम्,1
पुण्यकर्मणाम्,1
द्वन्द्वमोहनिर्मुक्ता,1
भजन्ते,1
दृढव्रता,1
आश्रित्य,7
आत्मम्,2
अधिभूत,1
अधिदैवम्,2
अधियज्ञम्,1
प्रयाणकाले,1
युक्तचेतस,1
ज्ञानविज्ञानयोग,1
अष्टम,6
अध्यायः ,1
उत्तम ,1
अधिभूतम्,2
प्रोक्तम्,6
मधुसूदन ,1
ज्ञेय,1
आत्मभि,1
अक्षरम्,5
परमम्,7
अधिआत्मम्,1
भूतभाव,1
भवकर,1
विसर्ग,3
क्षर,2
अधिदैवतम्,1
अधियज्ञ,1
देहभृताम्,1
वर,4
स्मरन्,1
त्यजति,1
अन्ते ,1
भावभावित,1
सर्वेषु ,1
अनुस्मर,1
अर्पितमन,1
इष्यसि,1
असंशयः ,1
अन्यगामिना,1
याति,3
अनुचिन्तयन्,1
कविम्,1
पुराणम्,2
अनुशासितारम्,1
अणो,1
अणीयान्,1
सम्अनुस्मरेत्,1
धातारम्,1
अचिन्त्यरूपम्,1
आदित्यवर्णम्,1
तमसः ,1
योगबलेन,1
भ्रुवो,1
आवेश्य,1
उपएति ,1
वेदविद,1
वदन्ति ,1
यतय,1
वीतरागाः ,1
इच्छन्त,1
चरन्ति ,1
ते ,1
सङ्ग्रहेण,1
हृदि,4
मूर्ध्न्य,1
योगधारणाम्,1
व्याहरन्,1
अनुस्मरन्,1
त्यजत्,1
परमाम्,3
गतिम् ,2
स्मरति,1
सुलभ,2
उपेत्य,1
दुःख,2
आलयम्,1
अशाश्वतम् ,1
आप्नुवन्ति,1
गता,5
आब्रह्मभुवनात्,1
आवर्तिन,1
इत्य,1
सहस्रयुगपर्यन्तम्,1
विदुः ,1
रात्रिम्,1
युगसहस्राम्,1
रात्रविद,1
अव्यक्तात्,2
व्यक्तयः ,1
प्रभवन्ति,1
आगमे ,2
रात्रि,6
आगमे,2
अव्यक्तसञ्ज्ञके,1
प्रभवति,1
भावो,1
धाम,3
लभ्य,1
अनन्यया,1
स्थानि,2
प्रयाता,2
कालम्,9
मासा,2
उत्तर,5
ब्रह्मविद,1
धूम,14
दक्षिण,1
चान्द्रमसम्,1
अन्यया,1
आवर्तते,1
एते ,1
जानन्,1
पुण्यफलम्,1
प्रदिष्टम्,1
विदित्वा ,1
अद्यम्,1
अक्षरपरब्रह्मयोग,1
नवम,2
गुह्यतमम्,1
प्रवक्ष्यामि,1
असूयवे ,1
विज्ञानसहितम्,1
राजगुह्यम्,1
प्रत्यक्षौ,1
आगमम्,2
सुसुखम्,1
पुरुषा,1
निवर्तन्ते,1
जगत्,10
अव्यक्तमूर्तिना ,1
अवस्थितः ,1
ऐश्वरम् ,1
भूतभृत्,1
भूतस्थ,1
आकाशस्थित,1
सर्वत्रग,1
महान्,12
उपधारय ,1
कल्प,1
विसृजामि,1
अवष्टभ्य,1
भूतग्रामम्,1
अवसम्,2
वशात्,1
अवदासीनम्,1
असक्तम्,1
तेषु ,1
अक्षेण,1
चर,2
अचरम्,1
हेतुना,1
विपरिवर्तते,1
मानुषीम्,1
आश्रितम् ,1
भूतमहा,1
मोघआशा,1
मोघकर्माण,1
मोघज्ञाना,1
विचेतसः ,1
राक्षसीम्,1
आसुरीम्,1
मोहिनीम्,1
तु ,1
दैवीम्,1
भजन्ति,1
अनन्यमनस,1
आदिम्,1
कीर्तयन्त,1
यतन्त,1
नमस्यन्त,1
भक्त्या ,1
यजन्त,1
उपासते ,1
विश्वत,1
क्रतु,1
स्वधा,2
औषधम् ,1
आज्यम्,2
हुतम्,3
पिता,6
जगत,1
माता,11
वेद्यम्,1
ऋक्सामयजु,1
भर्ता,1
सुहृत् ,1
निधानम् बीजम्,1
तपामि,1
वर्षम्,6
निगृह्णामि,1
उत्सृजामि,1
अमृतम्,3
असत्,1
सोमपा,1
यज्ञै,1
इष्ट्वा,1
स्वर्गतिम्,1
प्रार्थयन्ते ,1
पुण्यम्,2
आसाद्य,5
सुर,1
इन्द्रलोकम्,1
दिव्यान्,1
दिवि,1
भुक्त्वा,2
स्वर्गलोकम्,1
विशालम् ,1
मर्त्यलोकम्,1
विशन्ति ,1
त्रीधर्मम्,1
अनुप्रपन्नाः ,1
आगतम्,7
कामकामा,1
लभन्ते,1
अनन्या,1
चिन्तयन्त,1
उपासते,1
अभियुक्तानाम्,1
योगक्षेमम्,1
वहामि,1
अन्यदेवता,1
अन्विताः ,1
यजन्ति,1
अविधिपूर्वकम्,1
सर्वयज्ञानाम्,1
भोक्ता,2
प्रभु,8
अभिजानन्ति,1
तत्त्वेन,1
अतश्च्यवन्ति ,1
देवव्रता,1
पितॄन् ,1
इज्या,1
याजिन,1
पत्रम्,9
पुष्पम्,6
तोयम्,2
भक्ति,3
उपहृतम्,1
अश्नामि,1
प्रयत,1
करोषि,1
अश्नासि,1
जुहोषि,1
तपस्यसि,1
कुरुष्व,1
अशुभफलै,1
न्यासयोगयुक्त,1
विमुक्त,1
उपेष्यसि,1
सर्वभूतेषु,1
द्वेष्य,1
भक्त्या,1
सुदुराचार,1
अन्अन्यभाक्,1
साधु,9
मन्तव्यः ,1
व्यवसित,1
धर्म,21
शश्वत्,1
निगच्छति ,1
स्त्रिय,1
वैश्या,1
तथा ,2
शूद्रा,1
ब्राह्मणाः ,1
पुण्याः भक्ता,1
अनित्यम्,4
लोकम्,1
मना,1
याजी,1
नम,18
कुरु ,1
ऐष्यसि,1
युक्त्वा,1
परायण,1
राजविद्याराजगुह्ययोग,1
अङ्क,6
समुत्थित,2
ध्वनि,2
राम,34
हनुमान्,5
भयम्,10
त्यज,3
सुग्रीव,6
शक्र,4
शिव,12
अभिमुखम्,4
एत्य,5
अभ्यन्तरम्,4
द्रुतम्,2
उपगम्य,6
इन्द्र,5
भीमम्,3
वानर,6
भाति,5
रामम्,16
अवस्था,5
वानरेन्द्र,1
पति,5
शपथ,1
शरम्,1
मुक्त्वा,1
उद्दिश्य,5
दण्ड्य,1
गतम्,7
हनूमान्,4
प्राणा,2
यात,2
महाराज,15
सागर,2
अन्तरेण,7
महेन्द्रपुरी,1
अहो,12
चन्द्रमा,3
चन्द्रलेख,1
मृगी,1
सुमहत्,2
निर्गत,7
रावण,8
संवृत्त,2
दोलायते,2
गाढम्,2
परिज्ञाय,1
विजया,1
भग्ना,1
अर्क,1
शीघ्रम्,12
आनय,9
शूर,2
बलवान्,6
तोरणम्,1
कुमारम्,3
अक्षम्,2
कपि,1
विजय,11
अथवा,14
साकम्,5
आकम्प्य,1
मैथिली,1
एहि,4
श्रुतम्,5
मानुष,3
वचनम्,7
गज,3
अभिभूत,1
रण,1
निष्क्रान्त,5
काचित्,16
विवक्षा,1
अभ्यागत,2
अनवेक्ष्य,1
कामम्,3
विभीषण,2
यावद्,3
सीताया,2
वृत्तान्त,5
लक्ष्मण,8
काननम्,1
सम्प्राप्त,2
राक्षस,4
शलभ,1
प्राप्त,12
तत्रभवान्,1
शरणागत,5
विवदमान,1
अस्त्रम्,3
भगवान्,14
वरुण,4
गच्छ,3
अग्रत,6
लङ्का,1
देव,10
राक्षसेन्द्र,1
अस्तम्,2
पुलक,1
शक्रजित्,2
इदानीं,12
अलीकम्,2
एतद्,10
अवेक्षितम्,1
सुत,3
उपगत,2
राजनि,1
अवश्यम्,11
स्यन्दनम्,2
उदधि,1
आलोक्य,7
वीरम्,2
अन्येन,5
तीक्ष्णम्,1
ज्वलित,1
साम्प्रतम्,8
धैर्यम्,6
मन्यु,3
युक्तम्,9
मित्रम्,8
अन्यथा,20
शौचम्,1
शक्ति,15
आर्या,3
रुद्र,6
वैष्णवम्,1
वृत्रहा,1
यस्मात्,10
जायते,19
सम्बन्ध,5
आनन्द,3
श्री,5
गृहीत्वा,6
लिखितं,1
शान्त,2
कलह,3
बृहत्,1
महाभारतम्,1
अवस्थित,3
दूरे,5
मानव,2
भङ्ग,1
अधुना,48
तर्हि,16
अमित्र,1
का,12
पूर्ति,1
तुष्ट,3
सदा,6
एका,25
अच्छम्,3
मन्द,9
किन्तु,8
श्रम,1
अवश्यं,4
नूनं,4
स्वीय,2
त्याज्य,3
श्वश्रू,1
वधू,1
आत्मवत्,1
शक्त,5
लिङ्गं,1
किं,4
मलिनं,1
प्रवीण,3
सन्ति,2
कदा,7
धनं,4
गृहं,5
ईश्वरं,1
व्यर्थं,1
प्रश्न,3
कथं,2
स्वल्प,1
आचरणं,1
कृपण,3
दलं,1
ईदृक्,2
महाकाल,2
हेतु,27
चौर,5
विमाता,1
दुराचार,1
कियत्,16
वैफल्यं,1
किञ्चित्,54
दूरं,6
विहाय,5
वस्तु,4
श्रीधर,2
शल्य,1
काल,13
सह,16
अनुगत,3
सन्तु,1
कष्टम्,5
अक्षय,2
प्रसन्न,4
श्रीमान्,2
प्रीत,2
सूर्य,2
चन्द्र,6
दीर्घायु,3
किंचित्,9
गत्वा,15
जनितम्,1
तथापि,19
दत्तम्,4
यथाबलम्,1
नमुचि,1
श्याम,3
युवा,8
अवरोधनम्,1
पितामह,2
पुरुषोत्तम,1
नारायण,4
समुदाचार,1
विस्मृत,3
दूत,10
केशव,4
युधिष्ठिर,2
नीच,1
गान्धारराज,1
कितव,1
सुयोधन,2
आसीन,2
भीम,12
भ्राता,7
कुशलम्,3
अनामयम्,1
प्रभृति,3
साहसम्,5
स्वैरम्,1
तृणम्,3
पराङ्मुख,2
तिष्ठ,4
आचम्य,3
उपसृत्य,5
अशक्यम्,2
कन्दरम्,1
विचार्य,5
गोपालक,2
अत्रभवान्,3
कौमोदकी,2
पाञ्चजन्य,1
महोल्का,2
खड्ग,3
पतित,5
अर्घ्यम्,6
पाद्यम्,5
अभिमन्यु,5
गान्धारी,1
जीवितम्,4
अप्रियम्,2
अमङ्गलम्,1
भण,1
मद,2
भाजनम्,1
प्रतिपन्नम्,2
शकुनि,1
लब्ध,5
अर्जुनम्,3
पृच्छ,1
प्रतिज्ञातम्,1
प्रायश्चित्तम्,5
अक्रम,1
इत्थम्,11
हास्यम्,1
अभिधानम्,6
वक्ता,1
भवन्त,5
व्यर्थम्,8
यदा,26
प्रसूतम्,1
नारद,4
तूर्णम्,2
तन्त्री,1
वराय,1
विष्णु,12
अवतीर्ण,4
अन्धकार,1
कंस,4
अपक्रमणम्,2
मार्ग,2
भगवती,1
छिन्नम्,1
जलम्,8
दत्त,7
प्रविष्ट,11
प्रसूता,2
यशोदा,1
दारक,2
तपस्वी,2
पिशाच,3
वसुदेव,1
दारिका,2
उग्रसेन,2
शुचि,5
गरुड,3
सुपर्ण,3
महाजव,1
ध्वज,4
चक्र,1
नन्दक,1
मेदिनी,1
व्यसनम्,3
अभ्युदय,2
केचित्,4
हुतवह,1
शयनम्,1
गृहम्,18
प्रवेश,4
दुर्लभ,4
अस्वतन्त्र,1
स्नेह,5
आनीय,5
दिवम्,4
कालरात्रि,2
उत्थिता,1
शूल,1
भूतम्,1
प्रकामम्,1
पानीयम्,4
पीत्वा,3
शशी,1
शकट,1
दानव,1
प्रलम्ब,1
धेनुक,1
कूर्पर,1
सङ्कर्षण,2
दामोदर,3
कालिय,1
दर्शित,4
अनुराग,1
कृष्णम्,5
आलक्ष्य,1
परिगृह्य,1
नागम्,2
समूलम्,1
यद्वत्,1
अभयम्,1
विषम्,7
संहृत्य,1
आगच्छति,11
मृगेन्द्र,3
उपनीय,1
गन्धम्,4
हस्ती,2
विफलम्,1
कंसम्,2
शिरसि,5
ज्येष्ठ,3
तनय,2
क्लेश,2
देवर्षि,1
परितुष्ट,1
अक्षिणी,1
गेहम्,4
दूरम्,6
आरोप्य,6
प्रातराश,1
ब्राह्मण,13
दरिद्र,5
व्यापृत,3
वाचा,1
दारिद्र्यम्,1
बलि,1
सत्त्वम्,3
शृगाली,1
नागी,1
वासुदेव,5
जनमेजय,1
इष्यते,2
श्रान्त,3
लता,1
उपलब्धा,2
सौदामनी,1
उत्सारयति,1
उभयम्,4
शीर्षम्,1
वसन्तसेन,1
वयस्य,3
मैत्रेय,1
प्राप्ता,1
शीलवञ्चना,1
अन्तरा,1
वञ्चित,4
दृढम्,3
ह्रद,1
विट,1
क्षोभ,1
शब्दापयति,1
परवान्,1
अलङ्कार,4
अवसर,8
गणिका,2
आसनम्,3
ददाति,3
विस्मय,2
चतुर,10
मधुर,7
दक्ष,5
अल्पम्,2
शरीरम्,6
धारयति,1
कदाचित्,14
समासादित,1
कला,1
प्रत्याख्यात,1
हा,1
केन,5
विभव,1
कौतूहलम्,1
नायक,4
विदूषक,2
स्त्रीणाम्,3
मधुरम्,4
गीतम्,1
युवति,1
स्त्री,2
पुरोहित,4
पादोदकम्,2
चेट,1
सनिर्वेदम्,1
विचिन्त्य,2
शौर्यम्,2
वचनीयता,1
लुब्ध,2
अर्थवान्,1
वामम्,2
अक्षि,1
दिवा,3
कौशलम्,1
अवसितम्,1
नौ,1
जले,2
निःश्वास,1
शङ्कित,2
विषम,1
तुल्यान्तरम्,1
धिक्,2
शोभनम्,4
बाढम्,1
नारी,2
उपलभ्य,2
मनोरथ,2
समालक्ष्य,1
तिमिरम्,1
व्यापृता,1
अज्जुका,2
वसति,2
आश्रित,2
वञ्चयित्वा,1
रमणीयता,1
मनुष्य,3
गृहीतम्,3
शान्तम्,3
आयु,6
आशंका,2
परिचारक,2
आसन्,12
द्वारम्,8
यूति,1
वर्षे,3
रुचि,1
भूयान्,1
गांभीर्यम्,1
कविता,1
मनसि,5
स्रोत,1
स्थिति,7
संधि,1
दिनम्,8
साधनम्,7
अवधि,7
विविधम्,1
आननम्,1
कर्कश,1
विवाद,4
खेद,5
समानम्,4
विवाह,6
चर्चा,1
एकदा,17
उद्गता,1
अध्ययनम्,1
अचिरात्,4
नगरम्,1
किंचन,4
अवगतम्,6
सम्मति,1
अपर,11
आक्रोश,1
कुत्र,11
एतादृश,5
दृष्टि,8
अपलम्,1
उपदेष्टा,1
पद्यम्,3
विना,15
सपदि,3
प्रथा,3
विशेष,8
तीव्रा,2
समापितम्,1
अधिकारी,3
संमुखम्,1
परिचय,2
यद्यपि,11
अदर्शनम्,3
वरम्,7
जातम्,4
कश्चन,2
कृते,7
यक्ष,2
कथा,3
कुत्रापि,4
हरिता,1
विपरीता,1
आगति,1
अग्रे,30
ज्ञातम्,9
कारिता,1
कीदृश,11
पाथेयम्,1
प्रार्थना,1
आशा,1
शिशु,3
एकाकी,5
जाता,9
रव,1
तत्समक्षम्,1
अपारयत्,2
सवेगम्,2
बालक,8
मृता,1
कृशानु,1
परिवार,3
निर्धन,3
विमर्श,8
कश्चित्,48
गिरीश,2
विकास,2
पूर्ण,3
दशम,3
प्रेरित,9
चकित,1
भामिनीविलास,1
तथैव,14
परिवर्तनम्,1
क्षणिक,1
सुधा,1
भार,2
आलेख,1
द्विगुणम्,1
प्रसृता,1
प्रशंसा,1
आयाति,8
अवकाश,10
गणितम्,1
प्रकाशितम्,1
भोजनम्,5
यानम्,6
वेतनम्,2
भवनम्,4
पण्डित,11
संजय,1
प्रकोप,1
नूनम्,13
रोग,7
अनुदिनम्,1
व्रण,1
नवीनम्,2
अनुमानम्,9
व्रतम्,2
प्रवृत्ति,8
पूतिगन्धि,1
असूया,1
प्रकटम्,1
इच्छा,12
वृद्ध,10
किशोर,2
अन्तिम,2
अभिसन्धि,3
पद्धति,1
नितराम्,2
अनभिज्ञ,3
संकेत,3
सेवा,1
उपहास,1
तादृश,22
अरसिक,1
मनाक्,4
तदानीम्,10
अद्यावधि,2
चिन्तितम्,3
संयोग,8
प्रवृत्त,7
प्रात,13
विचित्रा,3
प्रत्यहम्,4
कदापि,7
समक्षम्,3
अवधानम्,4
अनुपदम्,5
विद्युत्,2
प्रयात,1
किञ्चन,1
उपांशु,1
फलक,1
लेखनी,1
भविता,2
दक्षिणा,2
पात्रम्,1
नाणकम्,1
तनया,1
महोदय,1
भ्रमणम्,2
असकृत्,2
निभृतम्,2
अपवार्य,1
शायिका,1
दावाग्नि,1
समाचार,3
सूचना,1
वराक,6
अवोचत्,15
एको,2
कौशिक,2
शव,2
अग्रिमा,1
मह्यम्,3
मिथ,5
समीचीनम्,4
भूत्,6
भिक्षा,1
उपार्जनम्,2
याञ्चा,1
लाघवम्,6
वज्रम्,3
आनयनम्,3
रघु,2
माम,1
भारतम्,5
समुप,1
मालिनी,1
विधि,12
दर्शनम्,5
मास,1
अतीव,19
धूर्त्त,1
छात्र,2
लज्जित,1
नामधेयम्,1
सूत,2
शुक,6
वसिष्ठ,1
आग्नेयम्,3
परा,1
क्षिप,1
मत्स्य,2
देहि,3
अब्धि,2
नेत्रम्,3
पारिजात,1
लक्ष्मी,7
देवी,4
भार्या,5
राहु,1
मत्त,3
वीर्यम्,6
कौ,2
माया,2
शिवम्,8
हरि,8
सुरा,1
स्तुत,1
निवारित,1
गुर्वर्थम्,1
शिर,9
कश्यप,1
दशरथ,3
सार्धम्,2
सृष्टि,1
जयन्त,1
आभरणम्,3
हारम्,1
राघव,2
यौवराज्यम्,1
ईदृश,9
आहूय,5
पूजित,2
मृतम्,4
हता,1
दत्त्वा,11
बली,1
सुरूपम्,2
सीता,2
खर,4
मृग,1
जटायु,2
प्राह,3
संस्कृत,1
चकार,2
चातुर्मास्यम्,1
पन्था,1
संसक्त,1
सम्पाति,1
वै,13
उत्थितम्,1
पृष्ठम्,3
आरुह,1
मारुति,3
दृष्टा,4
दशग्रीव,1
नील,21
तार,1
अङ्गद,3
धूम्र,4
पनस,1
विनत,2
रम्भ,1
प्रबुद्ध,6
हरणम्,1
कुम्भ,1
निकुम्भ,2
विरूपाक्ष,1
धन्य,8
विजयी,3
स्थापयित्वा,1
द्वादश,5
त्रिसन्ध्यम्,1
शम्बरम्,1
हृष्ट,4
सुता,3
उषा,3
सङ्गतम्,1
भेद,10
त्रयोदश,2
पाण्डु,2
चक्रे,5
अश्वत्थामा,1
सुषुप्तम्,1
पञ्चदश,1
हस्तिनापुरम्,1
आगत्य,33
धर्म्मराज,1
फाल्गुन,1
षोडश,2
रक्ष,5
सप्तदश,1
हिरण्यगर्भ,2
भुवम्,2
कुक्षि,1
विराट्,1
तपस,4
सप्तर्षय,1
भव्यम्,1
आग्नेयी,1
महातेजा,1
यश,3
धन्वी,1
पृथु,2
वैण्य,1
व्याप्तम्,3
द्विपद,1
सृष्ट्वा,1
दश,3
विश्वेदेवा,1
प्रत्यूष,1
प्रभास,1
शाख,1
विशाख,2
कार्त्तिकेय,1
शिल्पम्,1
हर,4
बहुरूप,1
वृषाकपि,1
शम्भु,2
सर्प,4
अंशु,1
हिरण्याक्ष,1
ह्राद,1
संह्राद,1
आयुष्मान्,1
विरोचन,1
शतम्,11
सहस्रम्,5
अपाम्,1
यम,8
हिमवान्,1
गोवृष,1
भूतसर्ग,1
प्राकृत,2
सर्ग,3
अनुग्रह,2
सात्त्विक,1
तामस,1
त्रिधा,4
पौर्णमास,1
हृदयम्,11
पूज्य,3
उच्चैःश्रवा,1
अरुण,2
विभूति,3
विमला,2
हम्,4
सोम,3
अङ्गारक,1
बुध,3
जीव,4
केतु,1
चण्ड,1
मेधा,1
तुष्टि,1
गण,2
गुरु,25
युतम्,2
अघमर्षणम्,1
वस्त्रम्,5
परिधाय,1
उदरम्,2
अनन्तम्,2
खड्गम्,7
इष्टम्,4
क्षेत्रम्,3
कर्त्तव्यम्,2
अभ्युक्ष्य,1
समिध,1
नीत्वा,2
द्वि,5
गर्भाधानम्,2
प्रथमम्,15
सीमन्तोन्नयनम्,3
जातकर्म्म,1
समावर्त्तनम्,1
पत्न्या,1
हुत्वा,6
निवेश्य,4
अर्द्धम्,3
चूडा,2
पृथ्वी,2
श्रोत्रम्,5
दृक्,1
जिह्वा,2
मह,2
अग्निष्टोम,1
धी,4
व्यापी,1
पद्मनाभ,2
माधव,2
स्पर्श,3
रूपम्,10
अङ्गुष्ठ,1
ऊर्द्ध्वम्,1
दक्षिणे,3
पञ्चगव्यम्,2
एकधा,3
मण्डले,3
शुक्लम्,1
रज,2
आदानम्,2
क्षम्,1
प्रयोग,9
शोधयित्वा,1
विशोध्य,1
देवम्,6
विनीत,1
वियोज्य,1
आचार्य्य,2
साधक,1
मानम्,6
पीठम्,1
षट्त्रिंशत्,1
पद्मम्,9
वृद्ध्या,1
नाभि,4
पश्चात्,11
त्रीणि,6
सप्त,2
सत्य,2
द्विधा,4
भद्रकम्,1
चत्वारिंशत्,2
वीथी,1
त्रिंश,1
घ्राणम्,2
रसम्,4
पञ्च,9
अपरेण,3
रहितम्,1
नय,1
कृत्रिमम्,1
कीर्त्तित,1
सकलम्,5
दुष्टम्,2
यज्ञेश्वर,1
देवेषु,2
आधानम्,1
अग्निहोत्रम्,2
दर्श,1
अश्वमेध,1
क्षान्ति,1
नारायणाय,1
माला,1
पीतम्,1
शुद्धम्,1
स्वागतम्,1
देवदेवेश,1
अनन्त,4
मही,1
शार्ङ्गम्,1
शश,1
वीरसेन,1
विधाय,8
एकत्र,10
कुम्भम्,10
दन्तकाष्ठम्,2
आमलकम्,1
पूर्वे,1
आत्मने,2
ब्रह्मसूत्रम्,1
कामत,1
अकामत,1
क्षमा,1
उद्धृत्य,4
धनवान्,2
जीविते,1
वित्तम्,2
समासाद्य,1
दैवात्,1
हयग्रीव,2
हस्त,1
भित्ति,3
मण्डप,2
खातम्,5
शिला,1
कुमुदम्,1
यथायोगम्,2
रत्नम्,5
देवि,1
उत्तरे,4
कार्य्यम्,2
वेध,1
अरुणा,1
यात्रा,2
ललाटम्,2
वक्त्रम्,2
द्व्यङ्गुलम्,1
त्रिगुणम्,1
तर्ज्जनी,1
अनामिका,3
परिणाह,2
परिधि,1
नाह,1
अधस्तात्,3
पादपीठम्,1
भद्रा,1
पिण्डिका,2
पीत,2
अनिरुद्ध,2
काम्या,1
अथो,2
षोडशारम्,1
गदी,3
लम्बकर्ण,1
वरद,2
प्रद्युम्न,2
चतुर्भुज,1
अक्षसूत्रम्,1
विश्वरूप,1
मुद्गरम्,1
दक्षिणस्थ,1
चण्डिका,1
त्रिनेत्रा,1
अष्टादशभुजा,1
मुण्डम्,2
कुक्कुट,3
षड्भुज,1
अष्टभुजा,1
खट्वाङ्गम्,1
त्रिशूलम्,1
कृश,2
भृङ्गी,1
सविता,1
रवि,2
पर्ज्जन्य,1
त्वष्टा,1
रक्त,20
तक्षक,1
वज्री,1
दण्डी,1
ईशान,1
निर्गम,1
निम्नम्,1
उत्तरेण,2
तद्वत्,18
लिङ्गम्,16
पुण्डरीकम्,1
ईशम्,1
वैपुल्यम्,1
शुक्ल,1
रक्तवर्ण,1
पुण्डरीक,1
पश्चिमम्,1
वायव्यम्,1
ईश,2
करकम्,1
तगरम्,1
सुवर्णम्,2
रजतम्,4
गोमयम्,1
काश्मीरम्,1
कक्कोलकम्,1
लवङ्गम्,2
कौतुकम्,4
शिपिविष्ट,1
विज्ञाप्य,1
चित्रम्,7
स्नानम्,3
पावमानी,2
ओषधी,1
गन्धवती,1
माल्यम्,2
चामरम्,1
पायु,1
वाक्,1
उपस्थ,1
सलिलम्,1
पृथिवी,2
रूपतत्त्वम्,1
वम्,2
चतुर्थी,2
पय,3
अधिवासनम्,1
षष्टितम,1
गर्भागारम्,1
द्यौ,1
सूक्तम्,2
तत्त्वम्,14
अभ्यर्च्य,10
सौवर्णम्,1
राजतम्,5
चत्वार,6
सहस्रशीर्ष,1
प्रदक्षिणम्,1
साधारण,4
प्रतिष्ठानम्,1
सान्निध्यम्,5
पूर्ववत्,7
हूम्,7
फट,1
दह,1
हुम्,2
फट्,8
भैरवम्,1
लेख्यम्,1
पुस्तकम्,6
स्थाप्य,1
वेदिका,1
शत,1
औद्भिज्जम्,1
धेनु,4
मधुपर्कम्,1
उग्र,1
धाता,1
स्वाहा,4
इदं,43
ष्ठा,1
चतुःशालम्,3
समस्तम्,3
वृष,2
विश्वे,1
अश्विनौ,2
उत्तार्य्य,1
इरावती,1
दर्पणम्,1
दर्श्य,1
समादाय,4
नारङ्गम्,1
नादेयम्,1
सामुद्रम्,1
सारसम्,2
कौपम्,2
सप्ततितम,1
शोष,3
गङ्गा,4
मानसम्,3
शिवाय,4
सूर्य्य,1
लीन,1
पादात्,1
आरभ्य,6
आवाह,1
संस्कृत्य,1
वर्म्म,1
क्ष,1
दाता,1
जयति,2
कुट्टनम्,1
पूजनम्,1
गव्यम्,1
सञ्चिन्त्य,1
धृत्वा,3
कार्षिक,1
होम,1
अग्निकार्य्यम्,1
प्रदत्तम्,4
विसृज्य,2
पृष्ठत,3
वह्निबीजम्,1
कूर्म्म,1
जया,1
अन्या,6
दिशम्,1
विधिवत्,2
आमन्त्र्य,2
उच्चार्य्य,1
मुमुक्षु,1
निर्म्माल्यम्,2
अपनीय,4
गुप्तम्,1
पूरय,1
खण्डितम्,1
स्तोत्रम्,1
सम्यग्,2
नैमित्तिकम्,2
कर्म्म,4
वार्षिकम्,2
पवित्रारोहणम्,1
शप्त,1
विटप,2
कर्त्तव्य,3
सम्पूर्णम्,2
दीक्षा,1
निष्कलम्,2
हृदा,7
शस्त्रम्,1
सम्पात,1
अलभ्य,1
समन्तात्,2
अहङ्कारी,1
शैवम्,1
सुषुम्णा,2
त्रयम्,4
वर्णम्,1
उपवेश्य,2
रक्षितम्,1
कपाल,1
बुद्ध,2
धर्म्म,2
श्वेत,1
सूक्ष्म,2
तीक्ष्ण,4
पालक,1
लोहित,1
संहार,1
विहार,1
कुष्माण्ड,1
साक्षिन्,1
पतङ्ग,1
मकार,1
ऐन्द्रम्,1
लय,1
भोग,2
चैतन्यम्,2
निवृत्ति,2
प्रभाव,7
पुष्कर,3
नकुलीश,1
हरिश्चन्द्र,2
केदार,1
भैरव,4
विमल,7
अट्टहास,1
महेन्द्र,1
रौद्र,1
विदुर,3
घोर,1
पिङ्गल,1
प्रमथ,1
नाना,1
वर्त्तुलम्,2
अवाह्य,1
प्रतिष्ठा,1
सन्धानम्,2
वर्णय,1
राग,2
अविद्या,1
स्वरूपम्,5
वामदेव,5
बभ्रु,1
सुषुप्ति,1
ताडनम्,2
छेदनम्,2
क्षुद्र,4
शुद्धि,2
कुहू,1
स्पर्शनम्,1
स्वतन्त्र,3
क्रमश,2
नव,4
योगपट्टम्,1
अद्यप्रभृति,5
मरुत्,1
व्योम,2
स्थापनम्,1
उत्थापनम्,1
लोहम्,1
इष्टका,1
शङ्ख,4
समुद्र,2
अमी,3
सुभद्र,1
चतुष्पद,1
पलम्,1
पित्तम्,2
रुधिरम्,2
नन्दिनी,2
श्रवण,1
लग्नम्,1
शशाङ्क,1
बलद,1
मकर,1
मिथुनम्,3
शस्त,1
लग्न,3
तुर्य्य,1
अष्ट,1
तदनु,2
मैत्रकम्,1
ब्राह्मणम्,1
सार्द्धम्,5
विस्तार,1
लक्ष्म,1
गम्भीरा,1
रेखा,1
देशिक,1
सन्निधानम्,1
संशोध्य,1
मध्यम्,1
परित्यज्य,2
ईशानम्,1
स्वर्णजम्,1
श्वभ्रम्,1
आच्छाद्य,4
संस्थाप्य,2
आवाहनम्,1
अभिव्यक्ति,1
द्वितीयम्,7
अर्चना,1
यजमान,1
सम्प्रति,5
संस्कार,1
नियम,7
जप्त्वा,2
शततम,1
रुक्,1
दूर्वा,1
उत्तरत,1
आत्मतत्त्वम्,1
कृत्यम्,2
चित्र,2
दण्ड,23
लिङ्गवत्,1
मन्त्री,7
भग्नम्,1
शिवलिङ्गम्,2
जीर्णम्,1
जीर्णोद्धार,1
शिखरम्,2
त्रिविष्टपम्,1
आद्य,4
श्रीवत्स,1
विशाल,1
उष्णीष,1
श्रीकण्ठ,1
सुभद्रा,1
भृशम्,7
पदग,1
मरीचि,1
कुड्यम्,1
कलि,1
पञ्चपञ्चाशत्,1
विंश,2
अग्नीध्र,1
अग्निबाहु,1
मेधातिथि,1
भव्य,1
तप्त्वा,1
मध्यमम्,1
तुल्या,1
प्रस्तार,1
विभु,1
क्रौञ्च,1
शैल,1
हेमकूट,1
निषध,1
रम्यकम्,1
कुरव,1
इलावृतम्,2
महाभाग,1
मन्दर,1
सुपार्श्व,1
जम्बु,1
पिप्पल,1
वट,2
नन्दनम्,1
अलकनन्दा,1
दक्षिणेन,1
पारिपात्र,1
त्रिशृङ्ग,1
रुधिर,2
वराह,4
कीर्त्ति,1
पुष्करम्,2
तीर्थम्,6
चर्म्मण्वती,1
अयोध्या,2
अस्थि,2
भोगवती,1
राजेन्द्र,1
कफ,2
क्रूर,1
मृदु,2
मध्य,5
रूक्ष,5
लघु,8
सन्निपात,1
आद्या,1
तम,1
सौवीरम्,1
अञ्जनं,2
निषेव्य,1
प्रतमक,1
रक्तपित्तं,1
भजन्,1
वृष्यम्,1
आयुष्यं,1
आरोग्यम्,1
ऐश्वर्यं,1
शिशिर,1
वसन्त,2
उक्तं,37
शीतम्,2
अधिकं,11
चित,1
अम्भ,2
सन्न,1
भोजनं,2
क्षुधित,1
अन्नं,6
इष्ट,7
अनेकधा,2
अम्बु,1
मस्तु,1
पथ्य,1
मेद,4
असृक्,2
तीक्ष्णा,1
अत्यर्थं,3
काञ्चन,1
महिष,2
शूक,1
दूषक,1
स्निग्ध,3
ग्राही,1
गोधूम,1
बीजं,1
माष,1
विपरीत,1
वेसवार,1
सृमर,1
चमर,1
गवय,6
हिम,5
वृष्य,3
ग्राम्य,1
तण्डुलीय,1
पत्तूर,1
दीपन,2
तिक्त,2
हितकृत्,2
अवरं,1
स्निग्धम्,2
अनुष्णं,1
पक्वम्,2
अम्लं,4
एवं,27
आमं,2
आमलकं,1
केश्यम्,1
चतु,1
जातं,1
शकृत्,2
मुञ्चति,1
शम,1
सात्म्यम्,1
अल्पं,4
अपथ्यम्,1
पथ्यम्,2
आगारम्,1
आहार,2
वर्णित,3
अज्ञानं,2
मात्रा,2
अलसक,1
उद्गार,1
विष्टम्भ,1
गौरवं,1
अपथ्यं,1
तिर,2
व्यपदेश,1
व्यक्त,2
अनुरस,1
चरक,1
अन्वर्था,1
विपाक,2
पटु,2
अम्ल,3
स्वादु,2
क्षार,1
कषाय,3
कटु,2
एकं,40
विंशति,2
साद,1
शोणितम्,1
तोद,1
धूमायति,1
क्षीण,1
ओज,1
आमाशय,1
स्वेद,1
लसीका,1
घ्राणं,2
व्यान,1
चय,1
अतियोग,1
अतिवृत्ति,1
श्याव,1
व्याधि,4
नामत,1
अभियुक्त,2
संसर्ग,5
सेक,1
मद्यं,1
प्रदोष,1
शुद्ध,2
निरूह,2
वमनं,1
बलं,2
कार्श्यम्,1
त्रयस्त्रिंशत्,1
अस्तेन,1
अच्छ,1
उष्णोदकं,1
ब्रह्मचारी,1
उपचार,2
मृदित,1
स्नात,1
तिक्तं,1
विद्रधि,1
तिमिरं,1
भैषज्यम्,2
छेद,1
अयोग,1
प्रस्थ,1
आलोच्य,5
अविरेच्य,1
निर्हृत्य,1
मल,1
चिरात्,5
अन्वासनं,1
मूले,1
एकादश,1
आस्थापनं,1
निरूढ,1
नेत्रं,1
द्व्यङ्गुलं,1
शुक्ति,1
भेषजम्,1
चिकित्सा,1
मर्श,1
उच्छिद्य,1
तैलम्,1
मध्यं,1
पूति,1
मूत्रं,1
अभ्यङ्ग,1
मार्दवं,1
उपघात,1
वामं,1
द्वारं,1
यन्त्रम्,2
अर्श,1
दीप्त,1
नत,1
भयं,2
हर्ष,3
वक्रा,1
व्यध,1
मन्थ,2
दाह,2
जलौकस,1
आश्वासित,1
शोफ,1
तं,16
दूष्यते,1
विद्धा,1
दारुणा,1
परित,5
सुमन्त्र,2
वशिष्ठ,4
मुख्य,3
अपाय,1
उपाय,9
हिरण्यं,1
खात्,1
च्युता,1
उत्सव,1
वीर,7
महायशा,1
विश्वामित्र,5
गौतम,1
समेत,2
भवत्,9
शत्रुघ्न,1
भयभीत,1
कृत,2
अपराध,11
सज्ज,1
शत्रु,3
परशुराम,1
पराजित,2
प्रीति,5
रामं,2
नृप,12
चतुर्दश,1
रामचन्द्र,2
राज्यं,2
आरब्धं,2
बालव्यजनं,1
अतिमात्रं,3
त्वं,4
दूषण,1
त्रिशिरा,1
सहाय,3
मघवान्,1
अयुक्तं,1
प्रीता,1
कपीन्द्र,1
अद्भुत,1
जाम्बवान्,2
नल,14
विनोद,2
महाबल,1
रुण्ड,1
पञ्चत्वम्,1
महता,1
कराल,1
अवमान,2
पुरुषार्थ,1
मूर्त्तिमान्,1
वैदेही,1
पवित्रा,1
मिलनं,1
अमृतं,2
आपृच्छ्य,2
उल्लंघ्य,2
सहित,1
कठिनम्,1
निर्णय,8
अन्तत,7
अवदत्,52
दावानल,1
चक्रधर,1
निश्चिन्त,4
वशंवद,1
मज्जनम्,1
आस्थानं,1
करणीयम्,3
प्रयोजनम्,6
कल्याणम्,2
बालकम्,2
उच्चारणम्,1
दुग्धम्,2
अनुक्षणम्,3
किमर्थम्,8
मदर्थम्,2
दानम्,2
प्रत्युत्तरं,1
आगमनम्,1
निवार्य,1
मरणम्,5
देवत्वं,1
रक्षणम्,2
प्रतिदिनम्,3
निर्णीतम्,1
विलम्ब,4
आसक्ति,1
संख्या,4
मौनम्,4
वृद्धा,1
योग्या,1
सम्पदम्,1
अवगतं,4
अतीतं,1
खिन्न,4
त्वदीयम्,1
तन्त्रम्,2
निमित्तं,2
शीघ्रं,2
प्रत्युत्तरम्,2
इन्धनम्,1
आरम्भ,1
आगमनं,4
पाठनम्,2
अभियानम्,1
निराश,3
एकतर,2
तात्पर्यम्,4
दृढा,1
अत्यल्पम्,1
आचरितम्,1
आसन्नप्रसवा,1
अनुत्तम,1
एतदर्थम्,2
प्रचार,2
नृत्यम्,1
पोषणम्,1
उपलभ्यते,6
वाक्यं,1
लिखितम्,2
महाजन,1
प्रतिक्षणम्,1
उज्जीवनम्,1
निर्माणम्,2
इयं,12
निर्माणं,1
अङ्गीकृतम्,4
आवास,1
आवश्यकम्,9
अवशिष्ट,1
दूरत,6
अद्भुतम्,1
भ्रान्ति,2
असाध्यं,1
आगतं,7
दयालु,1
विचित्रम्,4
शुनक,2
भाषा,1
कुक्कुरम्,2
मारित,2
पठनम्,4
खाद्यम्,1
कथञ्चित्,7
कण्ठ,1
मेलनम्,1
दुष्करम्,2
सम्भाषणम्,1
शिक्षक,1
कास,1
मीन,3
अजगर,1
अवलोकित,1
केवलं,1
सिंह,7
अदृष्ट्वा,4
एतं,1
सम्भूय,2
यत्न,3
विहित,4
कस्मात्,4
मर्कट,2
सूनु,1
उद्विग्न,3
कृतघ्न,2
अजा,3
शावक,1
कृतज्ञ,1
मशक,2
वियोग,1
मित्रं,2
नीचै,3
मण्डूक,1
सरल,2
ग्रामीण,1
धृष्ट,2
सत्पुरुष,2
सरित्,1
दिनं,1
अभिनिवेश,2
असम्भव,1
विवश,2
आकाशे,3
समर्थ,7
अपराध्यति,2
अंश,5
आदेश,6
मुदित,3
अनारतं,2
वृष्टि,3
गणक,1
निधाय,5
कुक्कुर,3
भुञ्जान,3
लाङ्गूलम्,2
आहत,3
व्यापादित,2
प्रमाद,1
घोटक,1
श्व,5
सैनिक,2
वने,4
अवस्थानं,1
भोजन,1
आशया,1
मदीयम्,2
वयं,5
वीक्ष्य,2
पशु,6
निर्धारणम्,1
सत्पथ,1
उत्थाय,9
कृषाण,1
महिमा,1
वृथा,1
अकस्मात्,6
आदिशति,5
गर्दभ,7
निष्क्रमणं,1
स्वच्छन्दम्,1
इतस्तत,6
स्तब्ध,3
क्षेत्रं,2
पङ्गु,2
अन्ध,1
न्याय,6
मुधा,2
राजसभा,1
सोढ,1
स्वातन्त्र्यम्,1
अमुञ्चत्,1
उपयोगिता,2
समर,1
पूतिगन्ध,1
ह्य,3
कान्ति,1
अतितराम्,1
मनुज,3
केसरी,1
आखेटक,1
मित,1
नास्ति,24
उपेति,1
शूकर,1
गदाधर,1
श्रेष्ठी,1
वनं,3
क्रन्दनं,1
अर्पय,1
श्वान,1
अतिष्ठत्,3
महान्त,1
अध्वग,1
वालुका,1
विस्मित,5
सुकर,1
कुतश्चित्,1
नैराश्यम्,1
वोढा,1
अश्व,4
गलित,1
दर्प,3
काक,2
गर्व,1
नहि,5
तीव्रं,1
पिपासु,2
जलं,2
श्वा,2
शुन,1
रोटिका,1
विदितम्,3
वैद्य,5
औषधम्,1
मामकम्,1
अवहत्,1
शृगाल,2
खञ्ज,1
निकटम्,1
व्याघ्र,3
त्वरितम्,6
मूषक,2
वीतभय,1
प्रतिकार,1
अङ्गुलीयकं,1
अश्वारोही,1
प्राज्ञ,1
भीतं,1
सङ्केत,1
चिल्ला,1
उत्पाद्य,2
ऋक्ष,1
भल्लूक,2
अभिमतं,1
चेष्टितम्,1
लोमश,3
सक्षम,1
ग्रीवा,1
वरीयान्,1
पुरस्कार,2
मृगपति,1
अधीर,1
पान्थ,1
वञ्चक,3
हिरण्यम्,1
शून्यम्,2
शोक,2
अप्रमत्त,1
सावधान,3
शशक,1
अनासाद्य,1
परशु,1
झटिति,3
गमनं,1
परिणाम,2
छुरिका,1
वध,3
अकृत्वा,2
उदरं,2
अव्याप्ति,10
यथार्थम्,4
विशेषणम्,14
उपलक्षणं,1
हेत्वाभास,8
संग्रह,4
तथात्वम्,3
आत्मक,1
अन्त्य,1
जाति,13
इदानीन्तन,1
सांकर्य,1
तथाच,5
ब्रह्मवध,1
तत्त्वज्ञानम्,2
अत्यन्तनिवृत्ति,1
उद्देश्य,1
उपदर्शित,10
तथाविध,8
अतिरिक्त,6
प्रपञ्च,1
उपादान,1
ब्रह्मज्ञान,1
अत्यन्ताभाव,1
पदार्थ,10
ब्रह्मस्वरूप,1
तदवस्थ,2
विदित्व,2
एकत्व,12
सन्देह,4
कल्पन,1
प्रत्यक्षम्,8
संदेह,4
निवेश,3
प्रवाद,1
व्याघात,1
प्रमाण,1
प्रत्येकम्,6
सिद्धम्,5
जन्यम्,2
अतिरक्त,1
उचित,1
प्रयत्नवत्,1
आत्म,1
अन्वय,46
आशङ्क्य,18
हेतुता,3
साध्यवत्,1
पक्ष,9
प्रतिबन्धक,6
अतिव्याप्ति,11
उदाहरणम्,8
सम्पूर्ण,1
निश्चय,7
इतरत्र,1
सत्प्रतिपक्ष,4
प्रतीति,3
सामान्यत,5
परामर्श,4
सांकर्यम्,2
विकल्प,1
आभाति,1
अलोक,2
संबन्ध,1
व्यभिचार,12
सामानाधिकरण्य,2
उत्पत्ति,6
शालि,1
मिति,2
आपत्ति,16
पत्ति,1
निरूपित,4
पर्वत,5
अनेक,3
परस्परम्,2
स्वीकार,2
अनुचित,1
फला,1
अपलाप,1
लाघव,1
गौरवम्,5
शून्य,2
साधारण्यम्,1
अप्रामाण्य,6
आहार्य,2
व्याप्ति,14
बाधक,1
रक्तत्व,1
कल्पनम्,2
गौरव,1
प्रत्यक्ष,8
निर्युक्तिकम्,2
उत्पन्न,1
बोध,17
द्विविध,2
विशिष्ट,4
वैशिष्ट्यम्,4
प्रकार,2
वैज्ञानिक,1
अवच्छेदकत्वम्,1
ज्ञानं,2
उभयत्र,5
जनयति,1
उपलक्षणम्,8
व्यतिरेक,4
अन्वयबोध,6
जनित,2
अतिप्रसंग,2
स्वरूप,2
तदर्थ,2
अवांतर,1
रूप,1
आनु,1
संख्य,1
उपस्थापक,2
आनुपूर्व,2
शाब्दबोध,11
न्याय्यम्,1
निवेशनम्,2
समानविषयक,3
उपस्थिति,6
कारणत्व,1
रीति,2
उत्पाद,1
घटादि,2
उपपत्ति,2
दुर्वार,5
सामानाधिकरण्यम्,4
अनुव्यवसाय,2
विध,3
अनंत,1
अन्यत्व,1
अनुत्पत्ति,1
प्रकारता,2
चाक्षुष,2
चाक्षुषम्,1
कमला,1
अपसर,1
धनिक,1
तक्रम्,1
आवश्यकता,1
व्ययम्,1
आपण,1
आपणिक,2
कन्या,1
उपविष्ट,6
धारणा,1
मद्यम्,1
स्नातक,1
मग्न,1
गोकर्ण,1
संरक्षणम्,3
उपयोग,4
निश्चित्य,1
पुण्या,1
कालपुरुष,1
शास्ति,1
व्याप्य,2
बहुधा,5
सत्वरम्,1
अदृश्यं,1
शरत्,1
नदी,2
नित्यं,1
श्रुति,3
जीवितं,2
मूर्ख,3
काव्यम्,1
पाण्डित्यम्,1
कवि,5
भवभूति,1
योग्यम्,1
पुष्पाञ्जलि,1
कादम्बरी,1
प्रबन्ध,1
सरस्वती,1
वैनतेय,1
विद्युल्लता,1
आलिङ्ग्य,2
निबन्धम्,1
विद्या,3
आसनं,2
प्रचण्ड,1
पौरोहित्यम्,1
दग्धम्,1
अदृष्टम्,1
समागत,4
परश्व,2
मेष,1
श्रावण,4
कौपीनम्,1
मूल्यम्,2
ग्राम,2
चोर,2
उन्मत्त,3
भषणं,1
आह्वानं,1
बुभुक्षित,2
विश्रान्ति,1
धान्यम्,1
भवितव्यम्,4
सोदर्य,1
वेलायाम्,2
उपधानम्,1
मूल्यं,1
चपलम्,1
वसुधा,1
अभिप्राय,4
परेद्यु,1
अमर,4
शिक्षा,1
धौतम्,1
भिक्षुक,1
आतिथ्यं,1
भोक्तव्यम्,3
उपस्थित,10
गद्यम्,1
सन्निवेश,1
रोदनम्,1
तीरम्,2
अस्वास्थ्यम्,1
अपेक्षा,1
देश,5
अनुभव,8
आशय,5
राज,1
आस्थानम्,1
मरण,1
अनन्तरं,2
अनुष्ठानं,1
दर्शनं,1
पन्न,1
अवसितं,2
महर्षि,1
राजकुमार,2
विक्रान्त,2
रक्षणं,2
उत्तराधिकारी,1
विक्रम,1
आचरत्,2
कलश,2
वृत्ति,6
वणिज,2
उचितं,6
वार्ता,4
परिचारिका,1
नवीनं,1
अजानत्,1
उपवेशनम्,2
परिणय,1
समाज,2
रुदन्,1
तदानीं,1
विस्मयान्वित,1
शोभा,1
निवेदनम्,2
प्रत्यर्पणम्,1
रक्तबिन्दु,1
क्षति,3
प्रस्तुत,2
विप्र,4
निजं,1
पदाति,1
गृही,2
शरणं,1
करुणापर,1
सुजन,2
अतिथि,1
अक्षिपत्,2
उपस्थाय,1
शवम्,1
पितरौ,1
खट्वा,1
मनीषी,3
गमनम्,7
पार्श्वम्,2
प्रदाय,2
पादत्राणम्,3
अवलोकिता,1
प्रमत्त,2
परिश्रम,1
समाप्त,1
चालक,1
आत्मज,1
मां,9
भ्रमणं,2
विनश्यत्,2
चरणम्,1
अभिवाद्य,2
अवसन्न,1
सायम्,5
आहृत्य,2
महामति,2
कपोती,1
चित्रलेखा,1
चीत्कार,1
त्याग,1
महती,1
शर्वाणी,1
भूषणम्,2
तर्क,1
व्यवहार,9
परिवाद,1
विसंवाद,2
अनुमति,2
चिन्त्य,1
अनुसृत्य,3
उत्पादयति,1
रमा,1
तदाप्रभृति,1
अशिक्षितम्,1
स्वाभाविक,3
व्यस्त,1
नियता,2
अक्षम,1
प्रलाप,1
कलत्रम्,1
अपत्यं,1
वारम्,1
पञ्चकम्,1
अजानि,1
अन्यमनस्क,1
गुह,1
प्रयाणम्,1
असमर्थ,4
स्वातंत्र्यम्,1
नरनारायणौ,1
सङ्कल्प,1
मुकुंद,1
तत्काल,1
पुटकम्,2
चिन्ता,1
रहस्य,1
उद्घाटनं,1
कथनम्,3
प्रसिद्ध,4
गतागतं,1
प्राङ्गणम्,1
सुप्त,3
नाटकम्,3
नाटकं,1
सरसम्,1
नृत्यं,1
किसलयम्,1
अरुणम्,1
भारतवर्षम्,1
मृगराज,1
युवराज,4
प्रतिहार,3
व्यवधानम्,2
अवलोकितम्,2
ब्रह्मास्त्रम्,1
विश्रुत,1
सम्मान,2
अपमानं,1
अपमान,1
अत्याचारं,1
विचक्षण,4
प्रतीकार,2
अन्याय,2
मान्य,4
विचार,9
तर्जनं,1
संलग्न,2
अश्वशाला,1
प्रतियोगिता,3
समुत्सुक,1
शोभन,3
गुणज्ञ,3
सिंहासनम्,4
अपरं,3
नवा,1
क्षम,2
सारथि,1
दिलीप,2
अलं,7
व्यवस्था,1
जागरणम्,2
समन्वित,1
महत्त्वम्,2
न्यूनम्,2
भाषणं,1
सर्वथा,10
उपयुक्त,1
अधितिष्ठति,1
द्वारपाल,1
गम्भीर,1
भृशं,4
प्रियदर्शन,1
वदान्य,2
निपुण,1
कार्तिकेय,1
प्रधान,2
यत्नवान्,1
निहितम्,2
स्वस्ति,1
वपनम्,1
बहुश,3
पञ्चषा,1
अनुकूले,2
आक्रमणम्,7
आक्रमणं,2
अत्याहितम्,1
साफल्यम्,1
प्राचुर्यम्,1
प्रसृतम्,1
जानन्ति,3
सङ्घ,1
योग्य,2
निवसति,4
द्रव्यं,2
आगम्य,1
पलायित,4
उपस्थापयति,1
अभिहितम्,1
तथ्यम्,1
सेना,1
कैवर्त,2
प्रसन्ना,2
भारत,1
चेत,2
नितरां,1
लुण्ठनं,1
हसनं,1
आवश्यकं,3
प्रहार,2
गानम्,2
नक्षत्रे,2
आयोजनं,2
मतं,1
नाश,3
प्राधान्यम्,1
चन्द्रहास,1
अनुकूल,3
सम्पादनम्,1
विजयोत्सव,1
लाक्षणिक,2
सादि,1
परम्परा,2
लक्षणा,4
भानम्,12
असमञ्जसम्,2
व्याप्यत्वम्,5
निष्प्रयोजनम्,2
अप्रसिद्धि,5
नियमित,1
व्यावृत्ति,6
व्युत्पत्ति,2
सती,2
आपातत,7
उपाधि,17
निष्प्रत्यूह,2
कल्प्य,1
संगति,1
बाध,11
कति,2
इन्दु,2
किमु,2
तडित्,3
अबला,1
निग्रह,2
चन्द्रम्,1
अन्योन्याश्रय,2
पूर्वेण,2
परेण,3
चैत्र,8
वैयर्थ्यम्,3
सूचित,1
आकृति,2
पतिव्रता,1
पि,1
तपति,1
नामा,1
मध्यम,3
सदृश,1
अनृतम्,1
कुञ्जर,1
वन्य,2
उल्लङ्घ्य,2
परिखेद,1
आकाश,2
पुरस्कृत्य,1
अवतारणम्,1
अक्षतम्,1
त्रितयम्,1
ऐक्यम्,1
वाचकता,1
मुख्यता,1
कर्मता,1
पाठ,4
स्थूल,2
पच्यते,2
ध्वंस,4
शाब्द,5
वैयधिकरण्यम्,1
रूपवत्,1
साहित्यम्,4
जिज्ञासित,1
सुन्दर,3
मिलनम्,1
वारणम्,2
स्वार्थ,1
धर्मी,2
ग्रन्थ,9
नष्टा,2
अर्थापत्ति,1
सहकारी,2
गोमत्,1
व्यक्ती,1
सोदर,1
चकितम्,1
आचान्त,1
तात्कालिक,2
समागम,2
अद्यापि,6
पातिव्रत्यम्,1
क्षत्रिय,1
रक्षिता,1
पुर,5
स्वत,7
छाया,3
दमयन्ती,2
प्राप्तव्यम्,1
मन्मथ,1
महावृक्ष,1
बाहुक,5
अपाकरणम्,1
उत्तरीयं,1
शालिहोत्र,2
आदानं,1
आस्वाद्य,2
गौरी,1
हंसी,2
विहिता,1
ऋषि,2
विश्वस्ता,1
अधिकृत्य,3
अत्रैव,4
वदनम्,2
ललाटं,1
आत्मसात्,1
कोलाहल,3
परन्तप,1
अन्तरङ्ग,1
नलम्,1
समुचित,4
दर्भ,2
करणम्,7
उत्तरत्र,2
अनित्य,9
अविद्यमान,1
विद्यमान,1
उपलब्धि,2
अनुपलब्धि,7
अभिहित,1
अयुक्तम्,7
ऊह,1
विपर्यय,2
प्रत्यय,5
समाधि,2
साहाय्यम्,4
इन्द्रियवत्,1
शुक्लत्वम्,1
विवक्षित,7
प्रामाण्यम्,6
देवदत्त,3
पट,4
गौर,1
स्मरणम्,5
अविनाभाव,4
दहनम्,3
आकाशवत्,1
साहचर्यम्,1
मूल,2
अवयवस्य,1
समान,3
साध्य,4
प्रागभाव,5
दर्शयति,7
अनुष्ण,1
तथाहि,3
वैश्य,2
विरुद्ध,2
परमाणु,1
दत्तवत्,1
उपनय,3
उक्ति,4
प्रतिज्ञा,1
निगमनम्,2
अनर्थकम्,1
जल्प,3
उपालंभ,1
वीतराग,1
वाद,2
विहीन,1
वितंडा,1
प्रतिपक्ष,1
छलम्,1
कम्बल,1
विप्रतिपत्ति,2
प्रसंग,4
साधर्म्यम्,1
वैधर्म्यम्,2
अनग्नि,1
दृष्टान्त,5
उपसंहार,1
काष्ठम्,1
अप्राप्य,1
निष्पत्ति,1
ज्ञप्ति,1
किञ्च,1
असति,9
अनादि,2
प्रतिषेध,1
नो,1
भाग,2
वादी,1
निरर्थकम्,2
निदर्शनम्,1
अनुवाद,1
अर्थत,1
पराजय,1
सिद्धान्त,3
द्वाविंशति,1
बौद्ध,1
प्रत्याह,1
साम्यम्,1
व्यञ्जक,1
कीदृक्,1
लिङ्गा,1
संज्ञा,2
प्रतिपत्ति,2
अभिसंधि,1
प्रसिद्धि,2
उपादाय,1
नन,1
उपमास्य,1
निराकृत,3
निर्गन्धम्,1
कुसुमम्,2
समवाय,4
लिपि,1
चातुर्विध्यम्,1
अनागतम्,1
स्मृति,2
विधाता,1
दुःखी,2
सन्तान,1
अनुवृत्ति,1
स्फटिक,3
प्रदीप,2
व्यापक,2
तमसा,1
कोप,3
द्वेष,1
मोह,2
संकल्प,1
प्राणायाम,1
व्यावर्तनम्,1
प्रत्याहार,1
ध्यानम्,1
अविज्ञाय,2
चर्म,1
मोक्ष,2
चोदयति,1
विषयी,1
सैन्यम्,1
आदिष्टम्,3
प्रतिपत्,2
चन्द्रलेखा,1
विश्वास,3
प्रदर्शनम्,2
विचारणम्,1
अनसूया,1
रञ्जनम्,1
आधिपत्यं,1
उत्तरं,2
आनन्दित,1
अष्टावक्र,3
आदर,1
उत्प्लुत्य,2
पाणि,1
राशि,5
स्फुरत्,1
वदना,1
तरुण,2
मुग्ध,4
पिकी,1
वैवस्वत,1
शास्त्रम्,1
स्थूला,1
गार्गी,1
वेष,1
ज्वलति,1
संन्यास,1
कालं,1
सम्पादक,1
शय्या,1
जननी,2
पाक,1
वाञ्छा,2
लव,2
अप्रतीक्षमाण,1
अनुचर,1
पुरम्,3
आहूत,1
आगत,3
अनन्यगतिक,1
द्रविणम्,1
अपरिमितम्,1
सम्पत्,2
भुजग,1
परायत्तम्,1
पुरे,5
अनुपलक्षित,1
कीर्ति,1
प्रतिकृति,1
विदन्,3
अविगणय्य,2
पलितम्,1
अतिक्रम,1
वैभवम्,1
लब्धावकाश,1
स्वामी,4
प्रणमत्,1
सुदिनम्,1
मुक्त,3
सत्कृत,4
आतप,1
नितान्तम्,3
भक्तम्,1
सन्तोष्य,1
भक्ष्यम्,1
व्यय,3
चक्रु,1
सुतराम्,3
धर्मत,1
साक्षी,1
यद्,2
यथासुखम्,2
यूयम्,3
क्रन्दितम्,1
आह्निकम्,1
हाहाकार,1
कनिष्ठा,1
प्रेम,3
पुरस्करणम्,1
नरपति,3
नृपति,7
अवस्थाप्य,3
भद्रम्,1
दासी,1
कर्तुकाम,1
श्रुत,4
सदनम्,1
प्रबोधिता,1
वीरता,1
अनुकूला,1
घास,1
गिरिनदी,1
बिलम्,1
खनति,1
विवरम्,1
पटहम्,1
अङ्गना,1
धीरा,1
रेभणम्,1
वपु,1
जनिता,1
समीर,2
विकल,1
अवितथम्,2
कया,1
परिगणित,2
स्मितम्,1
लेश,1
रूपवान्,1
अभिनव,1
अनाथ,1
वर्षा,1
ऋतु,1
जङ्गम,1
द्वेधा,1
अवितथा,1
यवना,1
खं,1
वर्षीयान्,2
चिरम्,1
अतिदूर,1
रोमाञ्च,1
सुचिरम्,2
विलोकितम्,1
वेत्रलता,1
उमे,1
ब्रुवन्,1
उमा,5
निष्क्रियम्,1
और्द्ध्वदेहिकम्,1
सुचारु,1
कथय,1
धन्या,1
रमणीयम्,1
अवबुद्ध,1
सीमा,2
उपलक्षित,2
दीर्घकालम्,1
गर्जनम्,1
दुर्लभा,1
आमूलम्,1
विनष्ट,1
भाषणम्,1
पवन,1
सीमन्तिनी,1
आधार,2
अवलम्बित,1
सहज,1
जननम्,1
भौतिकम्,1
उत्तेजित,1
जीवित,1
तद्दिनम्,1
जीविता,1
प्रकाशम्,1
मुमूर्षु,1
गोपनीयम्,1
स्वीकृत्य,2
योजना,2
प्रकाशक,2
निगदत्,1
अपहाय,1
गोपी,1
अजर,2
सफलम्,1
समग्र,1
वृद्धम्,2
संसार,2
लेखक,1
निर्माय,1
कुत्रचित्,2
अभिज्ञानम्,1
सावित्री,1
वेश,1
धारा,1
दुरितम्,1
एकत,1
डाकिनी,1
अभिजित्,1
सञ्जात,1
भवती,2
अहि,1
अपितु,2
अपरत्र,2
त्रिरात्रम्,1
नक्तम्,1
आप्त,4
सहचर,3
पत्तनम्,1
प्रतिनिशम्,1
लूता,1
चेतना,1
शिक्षित,2
अकरुणा,1
प्रसू,1
सुष्ठु,2
निगरणम्,1
शिक्षिता,1
दुहिता,1
जननि,1
वात्या,1
समारोह,1
मनस्ताप,1
भिषक्,1
वरा,1
वरिष्ठा,1
लोकोत्तर,1
मूर्ति,2
सोदरा,1
प्रशासनम्,1
मुहु,2
अव्ययं,1
अर्भक,1
भीमसेन,1
निःश्रेयसं,1
भाषितम्,1
भाष्यकार,1
त्रिविधा,1
विधा,1
उद्देश,4
विभाग,3
लक्षणं,1
प्रवर्तनम्,1
परीक्षा,1
फलवत्,1
द्वैधीभाव,1
व्याकरणम्,2
कुर्वत्,1
अप्रसिद्धं,1
तत्त्वं,1
निमित्तकारणम्,1
वैषम्यम्,2
आयातम्,1
फलितम्,1
तुरी,1
प्रतीत्य,1
गुणवान्,1
वायुवत्,1
निर्गुण,2
प्रत्यासत्ति,3
असमवायिकारणम्,1
उदाहरणं,1
अतिशय,1
प्रमा,2
कर्तरी,1
अनिच्छत,1
सूक्ष्मा,1
असारम्,2
इन्द्रियं,4
डित्थ,1
आकाङ्क्षति,1
आकूतम्,1
आलम्बनम्,1
सामान्यम्,3
आरोपितम्,1
उभयं,1
विमत,1
प्रयोजक,1
भाव्यम्,1
इष्टा,2
अहिंसा,1
दहन,1
पर्यवसानम्,1
अनुसंधानं,1
आयातं,1
अनुमानं,4
बोधनीय,2
उद्बोध,1
अनुगति,1
अनुगम,3
व्याप्यं,1
पक्षपात,1
कृतकं,1
जीवत्,1
तादृक्,1
विधानम्,1
हीन,1
सुकरा,1
षड्विधम्,1
हिंसा,2
असिद्धं,1
सव्यभिचार,1
उभयत,1
प्रयुज्यते,1
अतीत,1
पिण्डम्,1
उपमिति,1
समूह,5
अनुषङ्ग,2
यानि,1
आकाङ्क्षा,5
तीर,1
काल्पनिक,1
संप्रत्यय,1
परिहार,1
अद्रव,2
दीन,3
मार,2
इदंता,1
विज्ञानम्,1
सन्तम्,1
ज्वाला,1
वेदवत्,1
असिद्धि,3
संप्रदाय,2
इत्थं,7
पीन,1
कल्पयति,1
उत्पादनं,1
प्रतीच्य,1
उदीच्य,2
अवाच्य,2
संबद्धम्,1
संकोच,1
वितथम्,1
अवितथं,1
आद्यं,1
अप्रामाण्यं,1
अवतारयति,1
तादात्म्यम्,3
इतरथा,1
वारयिता,1
अप्रामाण्यम्,1
आद्यम्,2
समूहालम्बन,1
लक्ष्यम्,1
सर्व,2
केवल,2
आत्माश्रय,1
आभास,1
उपधेय,1
रिक्त,1
असाधारणम्,1
निरुक्त,1
विरोधि,1
असाधारण,1
गगनम्,3
चन्दनम्,1
अप्रमा,1
ज्ञाप्य,1
शृङ्ग,1
प्रध्वंस,1
प्रतिरोध,1
बोधितम्,1
गम्यते,2
निरूपणम्,1
आक्षेप,1
अत्यन्त,1
साधन,1
सिद्धसाधनम्,4
जल,2
सामग्री,1
उपनायक,1
अवच्छेदकम्,3
अप्रसिद्ध,2
एकरूप,1
योगजम्,1
चरम,1
अदृष्ट,1
क्षिति,2
दिक्,1
समाधानम्,2
अप्रत्यक्ष,1
प्रसङ्ग,1
आशङ्का,1
अन्यथासिद्धि,1
परिभव,1
योग्यता,3
उपादानम्,2
मन्तव्यम्,1
उपात्तम्,2
विरोध,3
कार्यता,1
अनूद्य,1
दोषाय,1
तुला,1
क्षण,2
लक्ष्यता,1
रूढम्,1
अनुभाव,1
संक्षेप,1
वासना,1
कामना,1
चीर्णम्,1
अकारणम्,2
अभिज्ञ,1
रुष्ट,4
अनवाप्य,1
न्यूनता,1
रक्षक,1
तरु,1
भूप,4
अतिशोभन,1
स्वयं,1
प्रणय,1
सेवक,2
भूपाल,4
सम्पर्क,1
प्रामाणिक,2
कथमपि,2
सभासत्,3
सत्यवत्,1
प्रतिवाद,1
प्रशासक,1
सङ्गर,1
निजम्,1
वचनं,1
वैरं,1
क्षुब्ध,2
समर्थनम्,1
आस्त,2
विलक्षणं,1
सदस्य,1
दुष्ट,2
शाकम्,1
घोषणा,1
सत्यं,1
क्षुप,1
जृम्भा,1
जनि,1
विपत्,2
बाधा,1
अभिधानं,1
भ्रम,4
गोत्र,1
अपगत,2
उपहार,4
स्मिता,1
उज्ज्वलम्,1
भूपति,9
शासक,1
भ्रमन्,5
अनुसर,1
अधिकृत,1
आनाय्य,2
क्षिप्रं,1
महात्मा,3
अभ्यन्तरं,1
कम्बलम्,1
दारिद्र्य,1
उपहता,1
प्रतिमा,1
बहुरूपक,1
उपकार,1
प्रत्येकं,1
उपायनं,1
उन्मत्तता,1
अमात्य,3
मौनं,1
अगृहीत्वा,1
सम्बद्ध,1
दीर्घम्,2
जटाधर,1
अनुपम,1
मात्रं,1
गुड,1
तपस्या,1
समाप्ति,1
चमत्कार,1
दुर्जन,5
आय,3
मानसी,1
ताम्रचूड,1
अवमानित,1
अकिञ्चन,1
अनेकश,1
प्रतिस्पर्धा,1
अद्वितीय,1
स्थालम्,1
महीभृत्,1
कुब्ज,2
रजक,4
दशा,1
आक्रान्त,1
अभिलाष,1
वित्तं,1
वक्रम्,1
मात्रम्,1
गुप्तचर,1
अवरोध,1
प्रपन्न,1
विकृति,1
युक्ति,1
नीति,2
कृषक,2
कूप,3
विलोकितं,1
आदिष्ट,3
अधिका,2
मदीयं,1
चन्दनं,1
भिया,1
सहस्रं,1
त्रुटि,2
कमलम्,1
अम्बा,1
वेदना,2
अवाप्य,1
चत्वरम्,1
व्याघ्रनख,1
मणिकार,1
गिरा,1
कृता,2
नैजं,1
हीर,2
अभू,1
अपीडयत्,2
कठोर,1
पतित्वा,1
भव्यं,1
उद्यानं,2
पण,3
सन्तोष,2
महीपाल,2
विचित्य,1
आचरणम्,1
अनुजं,1
नववधू,1
सज्जा,1
मल्ल,2
घ्रात्वा,1
राष्ट्रं,1
छिद्रम्,1
स्यूत,3
सौचिक,1
कीर,1
विमलं,2
रोष,1
औदार्यं,1
असन्तुष्ट,1
वृद्धं,1
पेटिका,1
सिक्त,1
चातुर्यम्,2
धरणी,1
रत्नगर्भा,1
निशम्य,2
वियति,1
विलक्षण,2
सुधी,1
आश्वासनं,1
क्रुधा,1
आदिष्टं,3
नगरं,2
जीवनं,1
निःसारित,1
तान्त्रिक,1
प्रयत्न,2
परिव्राजक,1
प्रतिश्याय,1
चपल,1
प्रत्युत्पन्नमति,1
आचरितं,1
उल्लङ्घनम्,1
निष्कारणम्,1
अगम,1
शाप,1
मन्दिरम्,1
श्रीराम,2
वीर्यं,1
वैकल्यम्,1
औदार्यम्,1
लक्ष्मणम्,1
निलय,1
अभयं,1
मांसम्,1
भूति,2
ध्रुवा,2
याचक,1
अनवरतं,1
अजनि,3
सुमति,1
वन्ध्या,1
अन्यदा,5
उपमाता,1
उपाध्याय,1
मैत्री,1
भट,1
विचक्षणा,2
पश्चात्ताप,2
पापं,1
व्यथा,1
विद्याधर,1
दत्ता,1
कथित,3
जघन्य,1
भिन्न,2
अनुमोदना,1
महोत्सव,1
अनिशं,2
हेय,1
अन्योन्यं,1
सचिव,1
वाच्य,2
रत्नवती,1
मिलित,2
प्रमुदित,2
अभिमुखं,3
विभाकर,3
मृगया,1
आसक्तं,1
युवाम्,1
प्रसृत,1
आकृष्टं,1
धावित,1
अतिक्रान्त,3
नन्दिवर्द्धन,1
नियन्त्रित,1
गुणाय,1
नारक,1
मुक्ता,2
नरवाहन,1
शैलराज,1
महानुभाव,1
द्वासप्तति,1
मृषावाद,1
मूढता,1
विशारद,1
चरितं,1
उद्वाहित,1
अस्तं,1
चन्द्रोदय,1
जातो,1
सूरि,2
अनन्तं,2
जितेन्द्रिय,1
जड,4
लोलता,2
अत्यन्तं,2
नियुक्त,4
महाभट,2
स्कन्धावार,1
अटवी,1
पार्वती,1
आरति,1
षोडशा,1
अनुमोदनं,1
प्रकर्ष,4
याव,1
महामोह,1
पर्य्याय,1
वारक,1
विजित्य,1
अत्रान्तरे,1
विविधं,1
विडम्बित,3
निष्कासित,1
रमण,2
कपोत,1
जीवन्मुक्त,1
वेष्टित,1
ललन,1
परत्र,1
उज्ज्वल,1
वासव,1
यौवनं,1
गृहागत,1
रुजा,1
अभिधा,2
मिथ्यात्व,1
बधिर,1
अनादृत्य,1
उभये,1
साङ्ख्य,1
लक्षण,2
तत्त्वत,1
स्फुट,1
कृतकृत्य,1
मातापितरौ,1
निर्घृणता,1
चक्रवर्त्ती,1
तपन,1
चक्री,1
अन्तिके,1
किन्नर,1
दयिता,2
स्तम्भित,3
पराभूत,1
चूतमञ्जरी,1
याम,2
वीक्षित,1
शरीरं,1
अनुपदं,1
विलक्ष,1
विश्रम्य,1
उपशान्ता,1
हृतम्,2
कारित,1
धिक्कृत,1
कुशलप्रश्न,1
प्रार्थित,1
विरक्त,2
वत्स,1
धृत,1
लक्षित,1
प्रणाम,1
अधम,1
शिवालय,1
मठ,1
केचन,1
अवस्थ,1
बला,1
अबलं,1
अभिषेणनं,1
असमञ्जसं,1
समन्तत,1
वेष्टयित्वा,1
नुन्न,1
संयमनम्,1
निद्रा,1
केशरी,1
प्रसूत,4
यामि,1
रत्नद्वीपं,1
आपन्नसत्त्वा,1
दुःखिता,2
व्यतिकर,1
एकता,1
आकारगोपनं,1
विलसन्,1
निशि,1
पौलोमी,1
क्षिप्त,2
देशना,2
चारु,1
प्रवर्त्तित,1
अशक्त,1
उद्युक्त,1
आकर्णय,1
उपायनम्,1
निरन्तरम्,1
बलराम,1
उद्वेगम्,1
एतम्,1
विलास,1
आग्रह,1
शक्तिग्रह,1
विफला,1
दूषित,1
युष्मत्,1
सारम्,1
व्याप्यम्,1
संभावना,1
पार्थक्यम्,1
रत्नाकर,1
प्रक्रान्त,1
स्थलपद्मिनि,1
दीनम्,1
उदीक्ष्य,1
वैरम्,1
अतिरथ,1
विमृश,1
भान,3
अय,1
उच्चरित,1
प्रतियोगिक,1
द्विष्ठ,1
साजात्यम्,4
चेति,6
ता,1
सुन्दरम्,1
दधि,2
असंगत,2
विभज्य,1
जस्,1
सुप्,4
विभाजक,1
द्वित्व,2
परिष्कृत,2
असंगति,4
व्रीहि,6
व्युत्पन्न,1
समानाधिकरण,1
सजातीय,2
कवित्व,1
अतएव,1
समभिव्याहार,2
नीलम्,4
अपेक्षणीयम्,1
घटा,1
कारकविभक्ति,1
विस्तर,1
निवेशनीय,1
उपसंख्यानम्,1
गौण,1
निबन्धन,1
स्ववृत्ति,1
परिग्रहणम्,1
आधिक्यम्,1
द्वितीया,2
अतु,1
पचनम्,2
अभिन्न,3
नपुंसकम्,5
अव्याहतम्,1
वारणीय,1
सहकारिता,1
विशेष्यक,2
समुदित,1
अन्यार्थ,1
निष्कर्ष,1
वृत्तिमत्,1
विषयक,1
राजपुरुष,1
शातनम्,1
राजन्,1
मणि,1
विचारणीयम्,1
स्वत्वम्,1
पञ्चाशत्,1
गोन,1
तिप्,1
घनम्,1
विद्वेष,1
बोधनम्,1
चतुर्विध,1
परिमिति,1
तथ,1
विशेष्य,1
समावेश,1
अमि,1
समभिहार,1
बोद्धव्य,1
वास्तवम्,1
अनुशासनम्,1
समास,1
द्विवचन,2
मैत्र,3
स्त,1
द्विगु,4
षिति,1
भावना,1
आख्यात,2
तण्डुल,1
अव्युत्पन्न,1
यक,1
ओदन,1
अनुक्रम्,1
निराकाङ्क्ष,1
संय,2
ग,3
व्यापार,1
चतुष्टयम्,1
अतिप्रसङ्ग,2
गम्यादि,1
जुहोति,1
सम्प्रदानम्,3
प्रसक्ति,1
पर्णम्,1
परत्वम्,1
मैत्रम्,2
पृच्छति,2
प्रत्यवसानम्,1
भक्षणम्,1
असंभव,1
विहंग,2
वाय,1
अगति,1
सुरभि,1
मङ्गलम्,1
आदैच्,1
गुणवृद्धी,1
धातुलोपे,1
आर्धधातुके,1
क्क्ङिति,1
अनन्तरा,1
मुखनासिकावचन,1
न्,1
अज्झलौ,1
निपात,1
अनाङ्,1
अनार्षे,1
दाधा,1
घु,1
अदाप्,1
आद्यन्तवत्,1
एकस्मिन्,2
प्रथमचरमतयाल्पार्धकतिपयनेमा,1
पूर्वपरावरदक्षिणोत्तरापराधराणि,1
व्यवस्थायाम्,1
अज्ञातिधनाख्यायाम्,1
स्वरादिनिपातम्,1
असर्वविभक्ति,1
मेजन्त,1
अव्ययीभाव,2
अनपुंसकस्य,1
इक्,2
मित्,1
ह्रस्वादेशे,1
अन्तरतम,1
रपर,1
अल,2
स्थानिवत्,1
अनल्विधौ,1
द्विर्वचने,1
लुमता,1
अङ्गस्य,1
अन्त्यादि,1
टि,1
उपधा,1
निर्दिष्टे,1
शब्दस्य,1
अशब्दसंज्ञा,1
अणुदित्,1
सवर्णस्य,1
अप्रत्यय,2
तपर,1
तत्कालस्य,1
अन्त्येन,1
इता,1
तदन्तस्य,1
एङ्,1
विज,1
ऊर्णो,1
सार्वधातुकम्,1
असंयोगात्,1
लिट्,1
रुदविदमुषग्रहिस्वपिप्रच्छ,1
हलन्तात्,1
गन्धने,1
उपयमने,1
मृष,2
तितिक्षायाम्,1
उदुपधात्,1
भावादिकर्मणो,1
नोपधात्,1
थफान्तात्,1
वञ्चिलुञ्च्यृत,1
रल,1
व्युपधाद्त्,1
ऊकाल,1
ह्रस्वदीर्घप्लुत,1
अनुदात्त,3
उदात्तम्,1
अर्धह्रस्वम्,1
यज्ञकर्मणि,1
अयजपन्यूङ्खसामसु,1
उच्चैस्तराम्,1
वषट्कार,1
सुब्रह्मण्यायाम्,1
स्वरितस्य,1
देवब्रह्मणो,1
स्वरितात्,1
अनुदात्तानाम्,1
अपृक्त,1
एकाल्,1
प्रथमानिर्दिष्टम्,1
उपसर्जनम्,2
एकविभक्ति,1
आपूर्वनिपाते,1
अर्थवत्,1
अधातु,1
प्रातिपदिकम्,1
कृत्तद्धितसमासा,1
प्रातिपदिकस्य,1
गोस्त्रियो,1
गोण्या,1
लुपि,1
युक्तवत्,1
व्यक्तिवचने,1
विशेषणानाम्,1
अशिष्यम्,1
संज्ञाप्रमाणत्वात्,1
योगाप्रख्यानात्,1
योगप्रमाणे,1
तदभावे,1
प्रधानप्रत्ययार्थवचनम्,1
अन्यप्रमाणत्वात्,1
जात्याख्यायाम्,1
बहुवचनम्,1
अस्मद,1
द्वायो,1
फल्गुनीप्रोष्ठपदानाम्,1
पुनर्वस्वो,1
एकवचनम्,3
विशाखयो,1
तिष्यपुनर्वस्वो,1
नक्षत्रद्वंद्वे,1
द्विवचनम्,1
सरूपाणाम्,1
एकशेष,1
एकविभक्तौ,1
यूना,1
तल्लक्षण,1
अनपुंसकेन,1
एकवत्,2
त्यदादीनि,1
सर्वौ,1
भूवादय,1
धातव,2
अन्त्यम्,1
दिगादित्वात्,1
ञिटुडव,1
लशकु,1
यथासंख्यम्,1
अनुदेश,1
समानाम्,1
स्वरितेन,1
अनुदात्तङित,1
आत्मनेपदम्,2
इतरेतरान्योन्योपपदात्,1
विश,1
विपराभ्याम्,1
अनास्यविहरणे,1
क्रीड,1
अनुसम्परिभ्य,1
प्रकाशनस्थेयाख्ययो,1
अनूर्ध्वकर्मणि,1
मन्त्रकरणे,1
अकर्मकात्,7
यमहन,1
निसमुपविभ्य,1
ह्व,2
स्पर्द्धायाम्,1
कर्तृस्थे,1
अशरीरे,1
उद्गमने,1
प्रोपाभ्याम्,2
सम्प्रतिभ्याम्,1
अनाध्याने,2
व्यक्तवाचाम्,1
समुच्चारणे,1
सकर्मकात्,1
तृतीयायुक्तात्,1
दाण,1
चतुर्थ्यर्थे,2
स्वकरणे,1
ज्ञाश्रुस्मृदृशाम्,1
ज्ञ,3
प्रत्याङ्भ्याम्,2
श्रुव,2
म्रियते,1
लुङ्‌लिङो,1
आम्प्रत्ययवत्,1
अनुप्रयोगस्य,1
अयज्ञपात्रेषु,1
भुज,1
अनवने,1
अणौ,2
भीस्म्यो,1
लिय,1
सम्माननशालिनीकरणयो,1
मिथ्योपपदात्,1
णिच,1
समुदाङ्भ्य,1
अग्रन्थे,1
उपपदेन,1
प्रतीयमाने,1
अनुपराभ्याम्,1
वह,2
व्याङ्परिभ्य,1
रम,1
निगरणचलनार्थेभ्य,1
चित्तवत्कर्तृकात्,1
द्‍युभ्य,1
लुङि,2
स्यसनो,1
कडारात्,1
विप्रतिषेधे,1
इयङुवङ्स्थानौ,1
अस्त्री,1
आमि,1
घि,2
असखि,1
षष्ठीयुक्त,1
ह्रस्वम्,1
प्रत्ययविधि,1
तदादि,1
अङ्गम्,2
सुप्तिङन्तम्,1
स्वादिषु,1
असर्वनमस्थाने,1
अयस्मयादीनि,1
अपाये,1
अपादानम्,1
भीत्रार्थानाम्,1
भयहेतु,1
पराजे,1
असोढ,1
वारणार्थानाम्,1
ईप्सित,2
अन्तर्द्धौ,2
इच्छति,1
आख्याता,1
उपयोगे,1
अभिप्रैति,1
रुच्यर्थानाम्,1
प्रीयमाण,1
श्लाघह्नुङ्स्थाशपाम्,1
ज्ञीप्स्यमान,1
धारे,1
उत्तमर्ण,1
स्पृहे,1
क्रुधद्रुहेर्ष्यासूयार्थानाम्,1
क्रुधद्रुहो,1
उपसृष्टयो,1
राधीक्ष्यो,1
विप्रश्न,1
अनुप्रतिगृण,1
साधकतमम्,1
परिक्रयणे,1
अधिकरणम्,1
अधिशीङ्स्थाऽऽसाम्,1
अभिनिविश,1
ईप्सिततमम्,1
आनिप्सीतम्,1
अकथितम्,1
गतिबुद्धिप्रत्यवसानार्थशब्दकर्माकर्मकाणाम्,1
हृक्रो,1
तत्प्रयोजक,1
रीश्वरात्,1
निपाता,1
चादय,1
ऊर्यादिच्विडाच,1
अनुकरणम्,1
अनितिपरम्,1
भूषणे,1
अपरिग्रहे,1
अद,4
अनुपदेशे,1
अनत्याधाने,1
उरसिमनसी,1
हस्ते,1
प्राध्वम्,1
जीविकोपनिषदौ,1
व्यवहिता,1
लक्षणे,2
अधिके,1
अभागे,1
अतिक्रमणे,1
ईश्वरे,1
तङानौ,1
प्रथममध्यमोत्तमा,1
एकवचनद्विवचनबहुवचनान्येकश,1
युष्मदि,1
उपपदे,1
स्थानिनि,1
प्रहासे,1
मन्योपपदे,1
अस्मदि,1
सन्निकर्ष,1
संहिता,1
विराम,1
अवसानम्,1
पराङ्गवत्,1
स्वरे,1
असादृये,1
अवधारणे,1
लक्षणेन,1
अभिप्रती,1
आभिमुख्ये,1
यत्समया,1
आयाम,1
नदीभि,1
अन्यपदार्थे,2
क्तेन,4
तृतीया,7
तत्कृत,1
अर्थेन,1
गुणवचनेन,1
कर्तृकरणे,1
कृत्यै,2
अधिकार्थवचने,1
अन्नेन,1
व्यञ्जनम्,1
भक्ष्येण,1
मिश्रीकरणम्,1
अपेतापोढमुक्तपतितापत्रस्तै,1
अल्पश,1
सिद्धशुष्कपक्वबन्धै,1
अहोरात्रावयवा,1
पात्रेसंमितादय,1
संख्यापूर्व,1
उपमितम्,1
व्याघ्रादिभि,1
सामान्याप्रयोगे,1
विशेष्येण,1
पूर्वापरप्रथमचरमजघन्यसमानमध्यमध्यमवीरा,1
नञ्विशिष्टेन,1
अनञ्,2
वृन्दारकनागकुञ्जरै,1
पूज्यमानम्,1
क्षेपे,1
प्रशंसावचनै,1
कृत्यतुल्याख्या,1
अजात्या,1
वर्णेन,1
चतुष्पाद,1
गर्भिण्या,1
मयूरव्यंसकादय,1
पूर्वापराधरोत्तरम्,1
एकदेशिना,1
एकाधिकरणे,1
अर्धम्,1
द्वितीयतृतीयचतुर्थतुर्याणि,1
अकृता,1
याजकादिभि,1
तृजकाभ्याम्,1
क्रीडाजीविकयो,1
उपपदम्,2
अतिङ्,2
अमा,1
अव्ययेन,1
तृतीयाप्रभृतीनि,1
बहुव्रीहि,1
संख्यया,1
अव्ययासन्नादूराधिकसंख्या,1
तेन्,1
सरूपे,1
तुल्ययोगे,1
चार्थे,1
राजदन्तादिषु,1
आहिताग्न्यादिषु,1
हो,1
कालाध्वनो,1
अत्यन्तसंयोगे,1
ईश्वरवचनम्,1
प्रतिनिधिप्रतिदाने,1
गत्यर्थकर्मणि,1
द्वितीयाचतुर्थ्यौ,1
चेष्टायाम्,1
अनध्वनि,1
तुमर्थात्,1
भाववचनात्,1
नमःस्वस्तिस्वाहास्वधालंवषड्योगात्,1
मन्यकर्मणि,1
अनादरे,2
कर्त्तृकरणयो,1
सहयुक्ते,1
अप्रधाने,1
अङ्गविकार,1
संज्ञ,1
अकर्त्तरि,1
पञ्चमी,1
षष्ठी,3
अतसर्थप्रत्ययेन,1
पृथग्विनानानाभि,1
करणे,5
स्तोकाल्पकृच्छ्रकतिपयस्य,1
असत्त्ववचनस्य,1
दूरान्तिकार्थै,1
दूरान्तिकार्थेभ्य,1
भावेन,1
भावलक्षणम्,1
स्वामीश्वराधिपतिदायादसाक्षिप्रतिभूप्रसूतै,1
आयुक्तकुशलाभ्याम्,1
आसेवायाम्,1
निर्द्धारणम्,1
साधुनिपुणाभ्याम्,1
अर्चायाम्,1
प्रसितोत्सुकाभ्याम्,1
सम्बुद्धि,1
अविदर्थस्य,1
अधीगर्थदयेशाम्,1
रुजार्थानाम्,1
भाववचनानाम्,1
अज्वरे,1
जासिनिप्रहणनाटक्राथपिषाम्,1
तदर्थस्य,1
प्रेष्यब्रुवो,1
हविष,1
देवतासम्प्रदाने,1
यजे,1
कृत्वोऽर्थप्रयोगे,1
काले,1
क्तस्य,1
अधिकरणवाचिन,1
लोकाव्ययनिष्ठाखलर्थतृनाम्,1
अकेनो,1
भविष्यदाधमर्ण्ययो,1
कृत्यानाम्,1
तुल्यार्थे,1
अतुलोपमाभ्याम्,1
आयुष्यमद्रभद्रकुशलसुखार्थहितै,1
प्राणितूर्यसेनाङ्गानाम्,1
अनुवादे,1
चरणानाम्,1
अध्वर्युक्रतु,1
अनपुंसकम्,1
अध्ययनत,1
अविप्रकृष्टाख्यानाम्,1
अप्राणिनाम्,1
विशिष्टलिङ्गह्,1
अग्रामा,1
शाश्वतिक,1
शूद्राणाम्,1
अनिरवसितानाम्,1
वृक्षमृगतृणधान्यव्यञ्जनपशुशकुन्यश्ववडवपूर्वापराधरोत्तराणाम्,1
विप्रतिषिद्धम्,1
अनधिकरणवाचि,1
तत्पुरुष,1
कर्मधारय,1
कन्था,1
उपज्ञोपक्रमम्,1
तदाद्याचिख्यासायाम्,1
सेनासुराच्छायाशालानिशानाम्,1
परवत्,1
द्वन्द्वतत्पुरुषयो,1
अश्ववडवौ,1
हेमन्तशिशिरौ,1
अहोरात्रे,1
अपथम्,1
अन्वादेशे,1
तृतीयाऽऽदौ,1
त्रतसो,1
त्रतसौ,1
अनुदात्तौ,1
द्वितीयाटौस्सु,1
एन,1
जग्धि,1
लुङ्सनो,1
घसॢ,1
घञपो,1
वेञ,1
वयि,1
गा,1
गमि,1
अबोधने,1
इङ,2
गाङ्,1
अस्ते,1
वचि,1
चक्षिङ,1
ख्याञ्,1
अजे,1
वी,1
अघञपो,1
ण्यक्षत्रियार्षञित,1
पैलादिभ्य,1
तद्राजस्य,1
यस्कादिभ्य,1
यञञो,1
अत्रिभृगुकुत्सवसिष्ठगोतमाङ्गिरोभ्य,1
तिककितवादिभ्य,1
उपकादिभ्य,1
अद्वन्द्वे,1
आगस्त्यकौण्डिन्ययो,1
अगस्तिकुण्डिनच्,1
धातुप्रातिपदिकयो,1
तनादिभ्य,1
तथासो,1
घसह्वरणशवृदहाद्‍वृच्कृगमिजनिभ्य,1
ले,1
आप्सुप,1
आव्ययीभावात्,1
तृतीयासप्तम्यो,1
आद्युदात्त,1
गुप्तिज्किद्‍भ्य,1
मान्बधदान्शान्भ्य,1
समानकर्तृकात्,1
इच्छायाम्,1
आचारे,1
क्यङ्,1
भृशादिभ्य,1
भुवि,1
अच्वे,1
लोहितादिडाज्भ्य,1
क्यष्,1
रोमन्थतपोभ्याम्,1
वर्त्तिचरो,1
वाष्पोष्माभ्याम्,1
उद्वमने,1
पुच्छभाण्डचीवरात्,1
णिङ्,2
मुण्डमिश्रश्लक्ष्णलवणव्रतवस्त्रहलकलकृततूस्तेभ्य,1
णिच्,2
यङ्,1
कौटिल्ये,1
लुपसदचरजपजभदहदशगॄभ्य,1
भावगर्हायाम्,1
सत्यापपाशरूपवीणातूलश्लोकसेनालोमत्वचवर्मवर्णचूर्णचुरादिभ्य,1
कण्ड्वादिभ्य,1
गुपूधूपविच्छिपणिपनिभ्य,1
ऋते,1
ईयङ्,1
कमे,1
आयादय,1
आर्धद्धातुके,1
सनाद्यन्ता,1
सिप्,1
कास्प्रत्ययात्,1
अमन्त्रे,1
इजादे,1
गुरुमत,1
अनृच्छ,1
दयायास,1
उषविदजागृभ्य,1
भीह्रीभृहुवाम्,1
श्लुवत्,1
कृञ्,1
अनुप्रयुज्यते,1
अभ्युत्सादयाम्,1
प्रजनयाम्,1
चिकयाम्,1
रमयाम्,1
पावयांक्रियात्,1
विदामक्रन्,1
शल,1
इगुपधात्,1
क्स,1
श्लिष,1
आलिङ्गने,1
णिश्रिद्रुस्रुभ्य,1
चङ्,1
गुपे,1
ऊनयतिध्वनयत्येलयत्यर्दयतिभ्य,1
लिपिसिचिह्व,1
सर्त्तिशास्त्यर्तिभ्य,1
इरित,1
जॄस्तम्भुम्रुचुम्लुचुग्रुचुग्लुचुग्लुञ्चुश्विभ्य,1
कृमृदृरुहिभ्य,1
दीपजनबुधपूरितायिप्यायिभ्य,1
कर्मकर्त्तरि,1
दुह,2
अनुतापे,1
शप्,1
यस,1
संयस,1
अक्ष,1
तनादिकृञ्भ्य,1
धिन्विकृण्व्यो,1
स्तम्भुस्तुम्भुस्कम्भुस्कुम्भुस्कुञ्भ्य,1
श्नु,1
श्न,1
शानच्,1
शायच्,1
व्यत्यय,1
कर्मवत्,1
तुल्यक्रिय,1
तपःकर्मकस्य,1
दुहस्नुनमाम्,1
यक्चिणौ,1
कुषिरजो,1
श्यन्,1
परस्मैपदम्,1
सप्तमीस्थम्,1
असरूप,1
पो,1
अदुपधात्,1
शकिसहो,1
गदमदचरयम,1
अनुपसर्गे,6
अवद्यपण्यवर्या,1
गर्ह्यपणितव्यानिरोधेषु,1
वह्यम्,1
अजर्यम्,1
संगतम्,1
एतिस्तुशास्वृदृजुष,1
ऋदुपधात्,1
अकॢपिचृते,1
भृञ,1
प्रत्यपिभ्याम्,1
ग्रहे,1
युग्यम्,1
पत्रे,1
अमावस्यत्,1
निष्टर्क्यदेवहूयप्रणीयोन्नीयोच्छिष्यमर्यस्तर्याध्वर्यखन्यखान्यदेवयज्याऽऽपृच्छ्यप्रतिषीव्यब्रह्मवाद्यभाव्यस्ताव्योपचाय्यपृडानि,1
ऋहलो,1
आसुयुवपिरपिलपित्रपिचम,1
प्रणाय्य,1
असंमतौ,1
पाय्यसान्नाय्यनिकाय्यधाय्या,1
मानहविर्निवाससामिधेनीषु,1
नन्दिग्रहिपचादिभ्य,1
ल्युणिन्यच,1
लिम्पविन्दधारिपारिवेद्युदेजिचेतिसातिसाहिभ्य,1
ददातिदधात्यो,1
ज्वलितिकसन्तेभ्य,1
श्याऽऽद्‍व्यधास्रुसंस्र्वतीणवसाऽवहृलिहश्लिषश्वस,1
दुन्यो,1
थकन्,1
व्रीहिकालयो,1
ह्वावाम,1
गापो,1
टक्,2
हरते,2
अनुद्यमने,1
चरे,1
ट,1
पुरोऽग्रतोऽग्रेषु,1
सर्त्ते,1
हेतुताच्छील्यानुलोम्येषु,1
स्तम्बशकृतो,1
दृतिनाथयो,1
पशौ,1
फलेग्रहि,1
आत्मम्भरि,1
नासिकास्तनयो,1
ध्माधेटो,1
नाडीमुष्ट्यो,1
असूर्यललाटयो,1
दृशितपो,1
उग्रम्पश्येरम्मदपाणिन्धमा,1
द्विषत्परयो,1
तापे,1
वाचि,1
पूःसर्वयो,1
दारिसहो,1
क्षेमप्रियमद्रे,1
भृतॄवृजिधारिसहितपिदम,1
गम,1
कुमारशीर्षयो,1
जायापत्यो,1
आढ्यसुभगस्थूलपलितनग्नान्धप्रियेषु,1
च्व्यर्थेष्वच्वौ,1
ख्युन्,1
स्पृश,1
क्विन्,1
ऋत्विग्दधृक्स्रग्दिगुष्णिगञ्चुयुजिक्रुञ्चाम्,1
त्यदादिषु,1
दृश,1
कञ्,1
भज,1
ण्वि,1
हव्ये,1
अनन्तःपादम्,1
जनसनखनक्रमगम,1
विट्,1
अनन्ने,1
श्वेतवहोक्थशस्पुरोडाश,1
ण्विन्,1
विच्,1
उपे,1
मनिन्क्वनिप्वनिप,1
कर्तरि,2
आभीक्ष्ण्ये,1
आत्ममाने,1
ब्रह्मभ्रूणवृत्रेषु,1
क्विप्,2
अग्न्याख्यायाम्,1
विक्रिय,1
दृशे,1
क्वनिप्,1
जने,1
पञ्चम्याम्,1
अन्येषु,1
सुयजो,1
ङ्वनिप्,1
जीर्यते,1
अतृन्,1
कानच्,1
क्वसु,1
सदवसश्रुव,1
उपेयिवान्,1
अनाश्वान्,1
अनूचान,1
हशश्वतो,1
लङ्,1
आसन्नकाले,1
नन्वो,1
पुरि,1
लुङ्,1
अस्मे,1
शतृशनचा,1
अप्रथमासमानाधिकरणे,1
अमित्रे,1
सुञ,1
क्वे,1
तच्छीलतद्धर्मतत्साधुकारिषु,1
ग्लाजिस्थ,1
क्स्नु,1
शमिति,1
घिनुण्,1
निन्दहिंसक्लिशखादविनाशपरिक्षिपपरिरटपरिवादिव्याभाषासूय,1
देविक्रुशो,1
पसर्गे,1
चलनशब्दार्थात्,1
अनुदात्तेत,1
क्रुधमण्डार्थेभ्य,1
सूददीपदीक्ष,1
जल्पभिक्षकुट्टलुण्ठवृङ,1
षाकन्,1
प्रजो,1
जिदृक्षिविश्रीण्वमाव्यथाभ्यमपरिभूप्रसूभ्य,1
स्पृहिगृहिपतिदयिनिद्रातन्द्राश्रद्धाभ्य,1
आलुच्,1
भञ्जभासमिद,1
घुरच्,1
इण्नश्जिसर्त्तिभ्य,1
क्वरप्,1
गत्वर,1
जागु,1
ऊक,1
यजजपदशाम्,1
नमिकम्पिस्म्यजसकमहिंसदीप,1
सनाशंसभिक्ष,1
विन्दु,1
इच्छु,1
क्यात्,1
स्वपितृषो,1
नजिङ्,1
शॄवन्द्यो,1
आरु,1
स्थेशभासपिसकस,1
वरच्,1
भ्राजभासधुर्विद्युतोर्जिपॄजुग्रावस्तुव,1
विप्रसम्भ्य,1
डु,1
अर्तिलूधूसूखनसहचर,1
इत्र,1
ऋषिदेवतयो,1
मतिबुद्धिपूजार्थेभ्य,1
भूते,1
यावत्पुरानिपातयो,1
तुमुन्ण्वुलौ,1
क्रियायाम्,1
क्रियार्थायाम्,1
भाववचना,1
लृट,1
पदरुजविशस्पृश,1
परिमणाख्यायाम्,1
सर्वेभ्य,1
श्रिणीभुव,1
अवोदो,1
निय,1
उन्न्यो,1
प्रे,1
स्त्र,1
अयज्ञे,1
प्रथने,1
वौ,1
परिन्यो,1
नीणो,1
द्यूताभ्रेषयो,1
अवनुपात्यये,1
हस्तादाने,1
चे,1
अस्तेये,1
निवासचितिशरीरोपसमाधानेषु,1
संघे,1
अनौत्तराधर्ये,1
अभिविधौ,1
इनुण्,1
अवन्यो,1
रुप्लुवो,1
वर्षप्रतिबन्धे,1
वृणोते,1
अवज्ञाने,1
ऋदो,1
अप्,1
ग्रहवृदृनिश्चिगम,1
व्यधजपो,1
स्वनहसो,1
क्वण,1
वीणायाम्,1
समुदो,1
पशुषु,1
न्यभ्युपविषु,1
निपानम्,1
आहाव,1
अनुपसर्गस्य,1
अन्तर्घन,1
अगारैकदेशे,1
प्रघण,1
प्रघाण,1
उद्‍घन,1
अत्याधानम्,1
अपघन,1
अयोविद्रुषु,1
उपघ्न,1
आश्रये,1
संघोद्‍घौ,1
गणप्रशंसयो,1
निघ,1
निमितम्,1
ट्वित,1
अथुच्,1
यजयाचयतविच्छप्रच्छरक्ष,1
नङ्,1
स्वप,1
नन्,1
क्तिन्,1
